-- MySQL dump 10.13  Distrib 5.7.29, for osx10.14 (x86_64)
--
-- Host: localhost    Database: trigger_local
-- ------------------------------------------------------
-- Server version	5.7.29

/*!40101 SET @OLD_CHARACTER_SET_CLIENT=@@CHARACTER_SET_CLIENT */;
/*!40101 SET @OLD_CHARACTER_SET_RESULTS=@@CHARACTER_SET_RESULTS */;
/*!40101 SET @OLD_COLLATION_CONNECTION=@@COLLATION_CONNECTION */;
/*!40101 SET NAMES utf8 */;
/*!40103 SET @OLD_TIME_ZONE=@@TIME_ZONE */;
/*!40103 SET TIME_ZONE='+00:00' */;
/*!40014 SET @OLD_UNIQUE_CHECKS=@@UNIQUE_CHECKS, UNIQUE_CHECKS=0 */;
/*!40014 SET @OLD_FOREIGN_KEY_CHECKS=@@FOREIGN_KEY_CHECKS, FOREIGN_KEY_CHECKS=0 */;
/*!40101 SET @OLD_SQL_MODE=@@SQL_MODE, SQL_MODE='NO_AUTO_VALUE_ON_ZERO' */;
/*!40111 SET @OLD_SQL_NOTES=@@SQL_NOTES, SQL_NOTES=0 */;

--
-- Table structure for table `media`
--

DROP TABLE IF EXISTS `media`;
/*!40101 SET @saved_cs_client     = @@character_set_client */;
/*!40101 SET character_set_client = utf8 */;
CREATE TABLE `media` (
  `id` int(10) unsigned NOT NULL AUTO_INCREMENT,
  `active` int(1) unsigned NOT NULL DEFAULT '1',
  `created` datetime DEFAULT NULL,
  `modified` datetime DEFAULT NULL,
  `object` int(10) unsigned DEFAULT NULL,
  `weight` float DEFAULT NULL,
  `rank` int(10) unsigned DEFAULT NULL,
  `type` varchar(10) NOT NULL DEFAULT 'jpg',
  `caption` blob,
  `thumbnail` tinytext,
  PRIMARY KEY (`id`)
) ENGINE=InnoDB AUTO_INCREMENT=16 DEFAULT CHARSET=utf8;
/*!40101 SET character_set_client = @saved_cs_client */;

--
-- Dumping data for table `media`
--

LOCK TABLES `media` WRITE;
/*!40000 ALTER TABLE `media` DISABLE KEYS */;
INSERT INTO `media` VALUES (1,1,'2020-03-04 17:24:34','2020-03-15 13:56:22',12,NULL,1,'gif',_binary 'kkk','00007'),(2,1,'2020-03-04 18:10:42','2020-03-04 18:16:39',11,NULL,1,'jpg','',NULL),(3,1,'2020-03-05 01:10:54','2020-03-20 16:51:23',13,NULL,1,'jpg','',NULL),(4,1,'2020-03-05 01:13:14','2020-03-15 13:56:22',12,NULL,1,'jpg',_binary '					','00007'),(5,1,'2020-03-07 14:57:07','2020-03-15 21:06:57',17,NULL,1,'jpg',_binary 'Oh yeah',NULL),(6,1,'2020-03-07 14:57:22','2020-03-07 14:57:22',15,NULL,NULL,'jpg','',NULL),(7,1,'2020-03-15 13:45:24','2020-03-15 13:56:22',12,NULL,1,'jpg','','00007'),(8,1,'2020-03-15 13:56:33','2020-03-15 14:06:34',12,NULL,1,'jpg','',''),(9,1,'2020-03-15 14:12:21','2020-03-15 15:37:28',12,NULL,1,'jpg','',''),(10,1,'2020-03-15 14:20:13','2020-03-15 14:44:28',11,NULL,1,'jpg',_binary 'A caption',NULL),(11,1,'2020-03-21 00:11:17','2020-03-21 01:30:09',24,NULL,1,'jpg','',NULL),(12,1,'2020-04-03 20:02:50','2020-04-03 20:13:07',218,NULL,1,'jpg','',NULL),(13,1,'2020-04-03 20:03:29','2020-04-03 20:12:07',221,NULL,1,'jpg','',NULL),(14,1,'2020-04-22 12:32:23','2020-04-22 12:33:06',289,NULL,1,'jpg','',NULL),(15,1,'2020-04-22 12:33:06','2020-04-28 12:59:38',289,NULL,1,'jpg','',NULL);
/*!40000 ALTER TABLE `media` ENABLE KEYS */;
UNLOCK TABLES;

--
-- Table structure for table `objects`
--

DROP TABLE IF EXISTS `objects`;
/*!40101 SET @saved_cs_client     = @@character_set_client */;
/*!40101 SET character_set_client = utf8 */;
CREATE TABLE `objects` (
  `id` int(10) unsigned NOT NULL AUTO_INCREMENT,
  `active` int(1) unsigned NOT NULL DEFAULT '1',
  `created` datetime DEFAULT NULL,
  `modified` datetime DEFAULT NULL,
  `rank` int(10) unsigned DEFAULT NULL,
  `name1` tinytext,
  `name2` tinytext,
  `url` tinytext,
  `email` tinytext,
  `begin` datetime DEFAULT NULL,
  `end` datetime DEFAULT NULL,
  `date` datetime DEFAULT NULL,
  `head` tinytext,
  `main_two` mediumblob,
  `notes` mediumblob,
  `event_date` tinytext,
  `location` text,
  `cato` tinytext,
  `event_time` tinytext,
  `main_one` mediumblob,
  `website` text,
  `exhibit` text,
  `reading` text,
  `qanda` mediumblob,
  `thumbnail` tinytext,
  `reading_fromid` int(10) DEFAULT NULL,
  `reading_toid` int(10) DEFAULT NULL,
  PRIMARY KEY (`id`)
) ENGINE=InnoDB AUTO_INCREMENT=349 DEFAULT CHARSET=utf8;
/*!40101 SET character_set_client = @saved_cs_client */;

--
-- Dumping data for table `objects`
--

LOCK TABLES `objects` WRITE;
/*!40000 ALTER TABLE `objects` DISABLE KEYS */;
INSERT INTO `objects` VALUES (1,0,'2020-03-04 11:04:37','2020-03-13 20:03:17',NULL,'test',NULL,'test',NULL,NULL,NULL,NULL,NULL,NULL,NULL,NULL,NULL,NULL,NULL,NULL,NULL,NULL,NULL,'',NULL,NULL,NULL),(2,0,'2020-03-04 11:35:54','2020-03-04 11:38:23',NULL,'upcoming',NULL,'upcoming',NULL,NULL,NULL,NULL,NULL,NULL,NULL,NULL,NULL,NULL,NULL,NULL,NULL,NULL,NULL,'',NULL,NULL,NULL),(3,0,'2020-03-04 11:36:09','2020-03-04 11:38:18',NULL,'archive',NULL,'archive',NULL,NULL,NULL,NULL,NULL,NULL,NULL,NULL,NULL,NULL,NULL,NULL,NULL,NULL,NULL,'',NULL,NULL,NULL),(4,1,'2020-03-04 11:38:06','2020-04-28 13:21:00',1,'Events',NULL,'events',NULL,NULL,NULL,NULL,NULL,NULL,NULL,NULL,NULL,NULL,NULL,NULL,NULL,NULL,NULL,'',NULL,NULL,NULL),(5,0,'2020-03-04 11:38:33','2020-03-04 11:46:48',NULL,'upcoming',NULL,'upcoming',NULL,NULL,NULL,NULL,NULL,NULL,NULL,NULL,NULL,NULL,NULL,NULL,NULL,NULL,NULL,'',NULL,NULL,NULL),(6,0,'2020-03-04 11:38:47','2020-03-04 11:46:43',NULL,'archive',NULL,'archive',NULL,NULL,NULL,NULL,NULL,NULL,NULL,NULL,NULL,NULL,NULL,NULL,NULL,NULL,NULL,'',NULL,NULL,NULL),(7,0,'2020-03-04 11:46:32','2020-03-04 11:55:50',NULL,'Lin Aojie',NULL,'lin-aojie',NULL,NULL,NULL,NULL,NULL,NULL,NULL,NULL,NULL,NULL,NULL,NULL,NULL,NULL,NULL,'',NULL,NULL,NULL),(8,0,'2020-03-04 11:54:32','2020-04-03 15:23:29',50,'upcoming',NULL,'upcoming',NULL,NULL,NULL,NULL,NULL,_binary 'What does DevolutioN Architecture do?\r\n\r\nMost types of furniture in these apartments were quite available in the 90s, young people in thei\r\n',NULL,NULL,NULL,NULL,NULL,NULL,NULL,NULL,NULL,_binary 'What does DevolutioN Architecture do?\r\n\r\nMost types of furniture in these apartments were quite available in the 90s, young people in thei\r\n',NULL,NULL,NULL),(9,0,'2020-03-04 11:54:43','2020-03-04 11:54:58',NULL,'archive',NULL,'archive',NULL,NULL,NULL,NULL,NULL,NULL,NULL,NULL,NULL,NULL,NULL,NULL,NULL,NULL,NULL,'',NULL,NULL,NULL),(10,1,'2020-03-04 11:55:25','2020-04-28 13:19:02',100,'Archive',NULL,'archive',NULL,NULL,NULL,NULL,NULL,NULL,NULL,NULL,NULL,NULL,NULL,NULL,NULL,NULL,NULL,'',NULL,NULL,NULL),(11,1,'2020-03-04 11:56:19','2020-03-15 14:56:03',NULL,'Lin Aojie',NULL,'lin-aojie',NULL,NULL,NULL,NULL,NULL,NULL,NULL,'2020-04-10 00:00:00',NULL,'Artist Talk',NULL,_binary '<div class=\"content_section\"><p class=\"body\">Make sure you save your work as radioButton.php, as that\'s where we\'re posting the Form – to itself.</p><p class=\"body\">To get the value of a radio button with PHP code, again you access the NAME attribute of the HTML form elements. In the HTML above, the NAME of the Radio buttons is the same – \"gender\". The first Radio Button has a value of \"male\" and the second Radio Button has a value of female. When you\'re writing your PHP code, it\'s these values that are returned. Here\'s some PHP code. Add it to the HEAD section of your HTML</p></div>',NULL,NULL,NULL,'','//trigger.local/media/00010.jpg',NULL,NULL),(12,1,'2020-03-04 11:56:58','2020-03-20 16:51:03',NULL,'Another Artist Talk',NULL,'another-artist-talk',NULL,NULL,NULL,NULL,NULL,_binary 'When we were first invited to the Creation of Creators design show (a new platform at the 2018 Maison Shanghai home decor trade show), we were honestly a bit confused — Why would they invite us? In 2016 and 2017, we worked on many projects, but they seemingly had little to do with design. Through conversations with the design show’s sponsor Zhou Chenchen, we gained an understanding of the show’s intention. We thought, maybe we could do something that we were actually interested in.<div><br></div><div>We are a team based in Xiamen, but since many of our projects took place in Shanghai, I was searching for an apartment in Shanghai. As I was doing some searching on an intermediary website for real estates, I discovered that the rental rates have changed a lot since 10 years ago, when I was still living in Shanghai. I found some apartments under 8000 RMB on lianjia.com (an intermediary website), many of them were 1-room apartments that are common in Shanghai, and some showed the tastes of the tenants.</div><div><br></div><div>When we were first invited to the Creation of Creators design show (a new platform at the 2018 Maison Shanghai home decor trade show), we were honestly a bit confused — Why would they invite us? In 2016 and 2017, we worked on many projects, but they seemingly had little to do with design. Through conversations with the design show’s sponsor Zhou Chenchen, we gained an understanding of the show’s intention. We thought, maybe we could do something that we were actually interested in.</div><div><br></div><div>We are a team based in Xiamen, but since many of our projects took place in Shanghai, I was searching for an apartment in Shanghai. As I was doing some searching on an intermediary website for real estates, I discovered that the rental rates have changed a lot since 10 years ago, when I was still living in Shanghai. I found some apartments under 8000 RMB on lianjia.com (an intermediary website), many of them were 1-room apartments that are common in Shanghai, and some showed the tastes of the tenants.</div><div><br></div><div><br></div>',NULL,'2020-05-31 00:00:00','1','Artist Talk','6:30 pm EST',_binary 'Lin Aojie was born in Guangzhou in 1986 and graduated from Guangzhou Academy of Fine Arts, Oil Painting Department in 2010. He currently lives and works in Guangzhou.<br><br>Presented through video, photography, painting, text, etc., Lin Aojie’s artistic practice departs from his personal experiences. The artist has a keen and delicate record of the trivial details of daily life or deliberately planned events with strongly improvisatory and humorous images, while a seemingly dispassionate tone threads the whole narrative structure. By beating around the bush he tries to question, ridicule and criticize the capitalist mode of production, artist’s survival predicament and the relationship between artists and other art professionals.&nbsp;a keen and delicate record of the trivial details of daily life or deliberately planned events with strongly improvisatory and humorous images, while a seemingly dispassionate tone threads the whole narrative structure. By beating around the bush he tries to question, ridicule and criticize the capitalist mode of production, artist’s survival predicament and the relationship between artists and other art professionals.&nbsp;a keen and delicate record of the trivial details of daily life or deliberately planned events with strongly improvisatory and humorous images, while a seemingly dispassionate tone threads the whole narrative structure. By beating around the bush he tries to question, ridicule and criticize the capitalist mode of production, artist’s survival predicament and the relationship between artists and other art professionals.&nbsp;a keen and delicate record of the trivial details of daily life or deliberately planned<div>events with strongly improvisatory and humorous images, while a seemingly dispassionate tone threads the whole narrative structure. By beating around the bush he tries to question, ridicule and criticize the capitalist mode of production, artist’s survival predicament and the relationship between artists and other art professionals.</div>',NULL,NULL,NULL,'','//trigger.local/media/00007.jpg',NULL,NULL),(13,0,'2020-03-04 13:27:13','2020-03-22 15:40:30',NULL,'testtesttest',NULL,'testtesttest',NULL,NULL,NULL,NULL,NULL,_binary 'When we were first invited to the Creation of Creators design show (a new platform at the 2018 Maison Shanghai home decor trade show), we were honestly a bit confused — Why would they invite us? In 2016 and 2017, we worked on many projects, but they seemingly had little to do with design. Through conversations with the design show’s sponsor Zhou Chenchen, we gained an understanding of the show’s intention. We thought, maybe we could do something that we were actually interested in.\r\n\r\nWe are a team based in Xiamen, but since many of our projects took place in Shanghai, I was searching for an apartment in Shanghai. As I was doing some searching on an intermediary website for real estates, I discovered that the rental rates have changed a lot since 10 years ago, when I was still living in Shanghai. I found some apartments under 8000 RMB on lianjia.com (an intermediary website), many of them were 1-room apartments that are common in Shanghai, and some showed the tastes of the tenants.\r\n',NULL,'2020-04-20 00:00:00','1',NULL,NULL,NULL,'<a class = \"reference_link\" href = \"<a href = aaa\">AAA</a><br><a class = \"reference_link\" href = \"<a href = ccc\">CCC</a><br>',NULL,NULL,'','//trigger.local/media/00003.jpg',NULL,NULL),(14,1,'2020-03-04 13:30:50','2020-03-05 01:12:35',NULL,'www',NULL,'www',NULL,NULL,NULL,NULL,NULL,NULL,NULL,'2020-10-17 00:00:00',NULL,'ee',NULL,NULL,NULL,NULL,NULL,'',NULL,NULL,NULL),(15,1,'2020-03-07 14:44:29','2020-03-07 14:44:29',NULL,'archive1',NULL,'archive1',NULL,NULL,NULL,NULL,NULL,NULL,NULL,'2020-01-10 00:00:00',NULL,'Artist Talk',NULL,NULL,NULL,NULL,NULL,'',NULL,NULL,NULL),(16,0,'2020-03-07 14:45:19','2020-03-07 14:57:44',NULL,'aa2 ww',NULL,'aa2-ww',NULL,NULL,NULL,NULL,NULL,NULL,NULL,'2019-12-18 00:00:00',NULL,'Gathering',NULL,NULL,NULL,NULL,NULL,'',NULL,NULL,NULL),(17,1,'2020-03-07 14:48:33','2020-04-08 11:07:46',NULL,'A Gathering Event',NULL,'aa2-ww',NULL,NULL,NULL,NULL,NULL,_binary '<div>When we were first invited to the Creation of Creators design show (a new platform at the 2018 Maison Shanghai home decor trade show), we were honestly a bit confused — Why would they invite us? In 2016 and 2017, we worked on many projects, but they seemingly had little to do with design. Through conversations with the design show’s sponsor Zhou Chenchen, we gained an understanding of the show’s intention. We thought, maybe we could do something that we were actually interested in.</div><div>We are a team based in Xiamen, but since many of our projects took place in Shanghai, I was searching for an apartment in Shanghai. As I was doing some searching on an intermediary website for real estates, I discovered that the rental rates have changed a lot since 10 years ago, when I was still living in Shanghai. I found some apartments under 8000 RMB on lianjia.com (an intermediary website), many of them were 1-room apartments that are common in Shanghai, and some showed the tastes of the tenants.</div><div>What does DevolutioN Architecture do?</div><div>Most types of furniture in these apartments were quite available in the 90s, young people in their 20s or 30s from other provinces tend to prefer these. The agglomeration of work and education resources in major cities attract many young people. Ranges for rents are dependent on (distances to) the work locations. Apartments that are closer to the city’s center are the ideal options, but being closer to the center also means much higher rent. So under the condition of a limited budget, apartments with a rent of roughly 8000 RMB are the most rational choice.</div><div>CCC CC C</div><div>Young people have their own tastes, but these apartments’ interior design styles tend to appeal to their parents’ generation. As a design company, we could start by addressing the issue of furniture design. We thought of several approaches and finally decided to visit Ikea. Ikea’s service resolved packaging and transportation problems. In the case of short-term renting, investing too much in the renovation is highly uneconomical, so large-scale transformations of the apartments do not sit well with the real estate market. Ikea provided relatively convenient and economical options for the tenants.When we were first invited to the Creation of Creators design show (a new platform at the 2018 Maison Shanghai home decor trade show), we were honestly a bit confused — Why would they invite us? In 2016 and 2017, we worked on many projects, but they seemingly had little to do with design. Through conversations with the design show’s sponsor Zhou Chenchen, we gained an understanding of the show’s intention. We thought, maybe we could do something that we were actually interested in.</div><div>We are a team based in Xiamen, but since many of our projects took place in Shanghai, I was searching for an apartment in Shanghai. As I was doing some searching on an intermediary website for real estates, I discovered that the rental rates have changed a lot since 10 years ago, when I was still living in Shanghai. I found some apartments under 8000 RMB on lianjia.com (an intermediary website), many of them were 1-room apartments that are common in Shanghai, and some showed the tastes of the tenants.</div><div>What does DevolutioN Architecture do?</div><div>Most types of furniture in these apartments were quite available in the 90s, young people in their 20s or 30s from other provinces tend to prefer these. The agglomeration of work and education resources in major cities attract many young people. Ranges for rents are dependent on (distances to) the work locations. Apartments that are closer to the city’s center are the ideal options, but being closer to the center also means much higher rent. So under the condition of a limited budget, apartments with a rent of roughly 8000 RMB are the most rational choice.</div><h4 class=\"subtitle\">CCC CC C<br></h4><div>Young people have their own tastes, but these apartments’ interior design styles tend to appeal to their parents’ generation. As a design company, we could start by addressing the issue of furniture design. We thought of several approaches and finally decided to visit Ikea. Ikea’s service resolved packaging and transportation problems. In the case of short-term renting, investing too much in the renovation is highly uneconomical, so large-scale transformations of the apartments do not sit well with the real estate market. Ikea provided relatively convenient and economical options for the tenants.</div><div>1.Young people have their own tastes, but these apartments’ interior design styles tend to appeal to their parents’ generation. As a design company, we could start by addressing the issue of furniture design. We thought of several approaches and finally decided to visit Ikea. Ikea’s service resolve</div><h4 class=\"subtitle\">2. design. We thought of&nbsp;&nbsp;<br></h4><div>3.Most types of furniture in these apartments were quite available in the 90s, young people in their 20s or 30s from other provinces tend to prefer these. The agglomeration of work and education resources in major cities attract many young people.</div><h4 class=\"subtitle\">4.CCC CC C<br></h4><div>5.resources in major cities attract many young people. Ranges for rents are dependent on (distances to) the work locations. Apartments that are closer to the city’s center are the ideal options,&nbsp;</div><div>123456</div><div><div><br></div></div>',NULL,'2019-12-18 00:00:00','list 2','Gathering','7:00pm EST',_binary '<div>When we were first invited to the Creation of Creators design show (a new platform at the 2018 Maison Shanghai home decor trade show), we were honestly a bit confused — Why would they invite us? In 2016 and 2017, we worked on many projects, but they seemingly had little to do with design. Through conversations with the design show’s sponsor Zhou Chenchen, we gained an understanding of the show’s intention. We thought, maybe we could do something that we were actually interested in.</div><div>We are a team based in Xiamen, but since many of our projects took place in Shanghai, I was searching for an apartment in Shanghai. As I was doing some searching on an intermediary website for real estates, I discovered that the rental rates have changed a lot since 10 years ago, when I was still living in Shanghai. I found some apartments under 8000 RMB on lianjia.com (an intermediary website), many of them were 1-room apartments that are common in Shanghai, and some showed the tastes of the tenants.<br></div>','<a class = \"reference_link\" href = \"www.website1.com\">www.website1.com</a><br><a class = \"reference_link\" href = \"aa\">AAA</a><br><a class = \"reference_link\" href = \"sas\">CC</a><br>',NULL,NULL,_binary '<div class=\"content_section\"><div></div></div>','//trigger.local/media/00005.jpg',NULL,NULL),(18,0,'2020-03-08 03:44:33','2020-03-20 17:22:34',NULL,'untitled',NULL,'untitled',NULL,NULL,NULL,NULL,NULL,NULL,NULL,NULL,NULL,NULL,NULL,_binary 'qeqmwem;l',NULL,NULL,NULL,'',NULL,NULL,NULL),(19,1,'2020-03-11 21:02:56','2020-03-11 21:02:56',NULL,'GGG',NULL,'ggg',NULL,NULL,NULL,NULL,NULL,NULL,NULL,NULL,NULL,'EE',NULL,NULL,'<a class = \"reference_link\" href = \"AA\">AA</a><br>',NULL,NULL,NULL,NULL,NULL,NULL),(20,1,'2020-03-11 21:03:03','2020-04-08 16:19:43',NULL,'GGG',NULL,'ggg',NULL,NULL,NULL,NULL,NULL,NULL,NULL,'2019-10-23 00:00:00','list 2','EE','6:30 EST',NULL,'<a class = \"reference_link\" href = \"AA\">AA</a><br>',NULL,NULL,NULL,NULL,NULL,NULL),(21,1,'2020-03-11 21:03:39','2020-04-08 16:20:13',NULL,'untitled',NULL,'untitled',NULL,NULL,NULL,NULL,NULL,_binary '<div class=\"content_section\"><div></div></div>',NULL,'2019-11-17 00:00:00','list 2','TestT','6:30 pm EST',_binary 'dd<div class=\"content_section\"><div></div></div>','<a class = \"reference_link\" href = \"https://www.google.com\">Meee</a><br>',NULL,NULL,_binary '<div class=\"content_section\"><div></div></div>',NULL,NULL,NULL),(22,1,'2020-03-11 21:04:11','2020-03-11 21:04:30',NULL,'Ttse',NULL,'22',NULL,NULL,NULL,NULL,NULL,NULL,NULL,NULL,NULL,'Testtt',NULL,NULL,'<a class = \"reference_link\" href = \"★\">Hihi</a><br><a class = \"reference_link\" href = \"★\">aaa</a><br>',NULL,NULL,NULL,NULL,NULL,NULL),(23,0,'2020-03-20 17:22:21','2020-03-20 17:25:28',NULL,'untitled',NULL,'23',NULL,NULL,NULL,NULL,NULL,_binary 'When we were first invited to the Creation of Creators design show (a new platform at the 2018 Maison Shanghai home decor trade show), we were honestly a bit confused — Why would they invite us? In 2016 and 2017, we worked on many projects, but they seemingly had little to do with design. Through conversations with the design show’s sponsor Zhou Chenchen, we gained an understanding of the show’s intention. We thought, maybe we could do something that we were actually interested in.\r\n\r\nWe are a team based in Xiamen, but since many of our projects took place in Shanghai, I was searching for an apartment in Shanghai. As I was doing some searching on an intermediary website for real estates, I discovered that the rental rates have changed a lot since 10 years ago, when I was still living in Shanghai. I found some apartments under 8000 RMB on lianjia.com (an intermediary website), many of them were 1-room apartments that are common in Shanghai, and some showed the tastes of the tenants.\r\n',NULL,NULL,NULL,NULL,NULL,NULL,NULL,NULL,NULL,NULL,NULL,NULL,NULL),(24,0,'2020-03-20 17:34:19','2020-03-22 15:40:23',NULL,'test1',NULL,'test1',NULL,NULL,NULL,NULL,NULL,_binary '<div class=\"content_section\"><div>When we were first invited to the Creation of Creators design show (a new platform at the 2018 Maison Shanghai home decor trade show), we were honestly a bit confused — Why would they invite us? In 2016 and 2017, we worked on many projects, but they seemingly had little to do with design. Through conversations with the design show’s sponsor Zhou Chenchen, we gained an understanding of the show’s intention. We thought, maybe we could do something that we were actually interested in.</div><div>We are a team based in Xiamen, but since many of our projects took place in Shanghai, I was searching for an apartment in Shanghai. As I was doing some searching on an intermediary website for real estates, I discovered that the rental rates have changed a lot since 10 years ago, when I was still living in Shanghai. I found some apartments under 8000 RMB on lianjia.com (an intermediary website), many of them were 1-room apartments that are common in Shanghai, and some showed the tastes of the tenants.</div></div><div class=\"content_section\"><h4 class=\"subtitle\">What does DevolutioN Architecture do?</h4><div>Most types of furniture in these apartments were quite available in the 90s, young people in their 20s or 30s from other provinces tend to prefer these. The agglomeration of work and education resources in major cities attract many young people. Ranges for rents are dependent on (distances to) the work locations. Apartments that are closer to the city’s center are the ideal options, but being closer to the center also means much higher rent. So under the condition of a limited budget, apartments with a rent of roughly 8000 RMB are the most rational choice.</div></div><div class=\"content_section\"><h4 class=\"subtitle\">CCC CC C</h4><div>Young people have their own tastes, but these apartments’ interior design styles tend to appeal to their parents’ generation. As a design company, we could start by addressing the issue of furniture design. We thought of several approaches and finally decided to visit Ikea. Ikea’s service resolved packaging and transportation problems. In the case of short-term renting, investing too much in the renovation is highly uneconomical, so large-scale transformations of the apartments do not sit well with the real estate market. Ikea provided relatively convenient and economical options for the tenants.When we were first invited to the Creation of Creators design show (a new platform at the 2018 Maison Shanghai home decor trade show), we were honestly a bit confused — Why would they invite us? In 2016 and 2017, we worked on many projects, but they seemingly had little to do with design. Through conversations with the design show’s sponsor Zhou Chenchen, we gained an understanding of the show’s intention. We thought, maybe we could do something that we were actually interested in.</div><figure class=\"img_ctner\"><img src=\"//trigger.local/media/00011.jpg\"><p></p></figure><div>We are a team based in Xiamen, but since many of our projects took place in Shanghai, I was searching for an apartment in Shanghai. As I was doing some searching on an intermediary website for real estates, I discovered that the rental rates have changed a lot since 10 years ago, when I was still living in Shanghai. I found some apartments under 8000 RMB on lianjia.com (an intermediary website), many of them were 1-room apartments that are common in Shanghai, and some showed the tastes of the tenants.</div><div>What does DevolutioN Architecture do?</div><div>Most types of furniture in these apartments were quite available in the 90s, young people in their 20s or 30s from other provinces tend to prefer these. The agglomeration of work and education resources in major cities attract many young people. Ranges for rents are dependent on (distances to) the work locations. Apartments that are closer to the city’s center are the ideal options, but being closer to the center also means much higher rent. So under the condition of a limited budget, apartments with a rent of roughly 8000 RMB are the most rational choice.</div><div>CCC CC C</div><div>Young people have their own tastes, but these apartments’ interior design styles tend to appeal to their parents’ generation. As a design company, we could start by addressing the issue of furniture design. We thought of several approaches and finally decided to visit Ikea. Ikea’s service resolved packaging and transportation problems. In the case of short-term renting, investing too much in the renovation is highly uneconomical, so large-scale transformations of the apartments do not sit well with the real estate market. Ikea provided relatively convenient and economical options for the tenants.</div><div>1.Young people have their own tastes, but these apartments’ interior design styles tend to appeal to their parents’ generation. As a design company, we could start by addressing the issue of furniture design. We thought of several approaches and finally decided to visit Ikea. Ikea’s service resolve</div><div>2. design. We thought of  </div><div>3.Most types of furniture in these apartments were quite available in the 90s, young people in their 20s or 30s from other provinces tend to prefer these. The agglomeration of work and education resources in major cities attract many young people.</div><div>4.CCC CC C</div><div>5.resources in major cities attract many young people. Ranges for rents are dependent on (distances to) the work locations. Apartments that are closer to the city’s center are the ideal options, </div><div>123456</div><div></div></div>',NULL,NULL,NULL,'hehe',NULL,_binary '<div class=\"content_section\"><div>limited budget, apartments with a rent of roughly 8000 RMB are the most rational choice.</div><div>CCC CC C</div><div>Young people have their own tastes, but these apartments’ interior design styles tend to appeal to their parents’ generation. As a design company, we could start by addressing the issue of </div><div></div></div>',NULL,NULL,NULL,_binary '<br>','//trigger.local/media/00011.jpg',NULL,NULL),(25,0,'2020-03-20 17:57:42','2020-03-20 17:58:47',NULL,'untitled',NULL,'untitled',NULL,NULL,NULL,NULL,NULL,_binary 'When we were first invited to the Creation of Creators design show (a new platform at the 2018 Maison Shanghai home decor trade show), we were honestly a bit confused — Why would they invite us? In 2016 and 2017, we worked on many projects, but they seemingly had little to do with design. Through conversations with the design show’s sponsor Zhou Chenchen, we gained an understanding of the show’s intention. We thought, maybe we could do something that we were actually interested in.\r\n\r\nWe are a team based in Xiamen, but since many of our projects took place in Shanghai, I was searching for an apartment in Shanghai. As I was doing some searching on an intermediary website for real estates, I discovered that the rental rates have changed a lot since 10 years ago, when I was still living in Shanghai. I found some apartments under 8000 RMB on lianjia.com (an intermediary website), many of them were 1-room apartments that are common in Shanghai, and some showed the tastes of the tenants.\r\n',NULL,NULL,NULL,NULL,NULL,NULL,NULL,NULL,NULL,NULL,NULL,NULL,NULL),(26,0,'2020-03-20 19:33:57','2020-03-20 19:35:01',NULL,'untitled',NULL,'untitled',NULL,NULL,NULL,NULL,NULL,_binary '<span id=\"docs-internal-guid-1af9811c-7fff-8444-5b9e-a925ccc98d24\"><p dir=\"ltr\" style=\"line-height:1.38;margin-top:0pt;margin-bottom:0pt;\"><span style=\"font-size: 11pt; font-family: Arial; background-color: transparent; font-variant-numeric: normal; font-variant-east-asian: normal; vertical-align: baseline; white-space: pre-wrap;\">What does DevolutioN Architecture do?</span></p><br><p dir=\"ltr\" style=\"line-height:1.38;margin-top:0pt;margin-bottom:0pt;\"><span style=\"font-size: 11pt; font-family: Arial; background-color: transparent; font-variant-numeric: normal; font-variant-east-asian: normal; vertical-align: baseline; white-space: pre-wrap;\">Most types of furniture in these apartments were quite available in the 90s, young people in thei</span></p><div><span style=\"font-size: 11pt; font-family: Arial; background-color: transparent; font-variant-numeric: normal; font-variant-east-asian: normal; vertical-align: baseline; white-space: pre-wrap;\"><br></span></div></span>',NULL,NULL,NULL,NULL,NULL,_binary '<div><span id=\"docs-internal-guid-71794664-7fff-73db-7c17-5bfc65d7bc70\"><p dir=\"ltr\" style=\"line-height:1.38;margin-top:0pt;margin-bottom:0pt;\"><span style=\"font-size: 11pt; font-family: Arial; background-color: transparent; font-variant-numeric: normal; font-variant-east-asian: normal; vertical-align: baseline; white-space: pre-wrap;\">When we were first invited to the Creation of Creators design show (a new platform at the 2018 Maison Shanghai home decor trade show), we were honestly a bit confused — Why would they invite us? In 2016 and 2017, we worked on many projects, but they seemingly had little to do with design. Through conversations with the design show’s sponsor Zhou Chenchen, we gained an understanding of the show’s intention. We thought, maybe we could do something that we were actually interested in.</span></p><br><p dir=\"ltr\" style=\"line-height:1.38;margin-top:0pt;margin-bottom:0pt;\"><span style=\"font-size: 11pt; font-family: Arial; background-color: transparent; font-variant-numeric: normal; font-variant-east-asian: normal; vertical-align: baseline; white-space: pre-wrap;\">We are a team based in Xiamen, but since many of our projects took place in Shanghai, I was searching for an apartment in Shanghai. As I was doing some searching on an intermediary website for real estates, I discovered that the rental rates have changed a lot since 10 years ago, when I was still living in Shanghai. I found some apartments under 8000 RMB on lianjia.com (an intermediary website), many of them were 1-room apartments that are common in Shanghai, and some showed the tastes of the tenants.</span></p><div><span style=\"font-size: 11pt; font-family: Arial; background-color: transparent; font-variant-numeric: normal; font-variant-east-asian: normal; vertical-align: baseline; white-space: pre-wrap;\"><br></span></div></span></div>',NULL,NULL,NULL,NULL,NULL,NULL,NULL),(27,1,'2020-03-22 13:46:30','2020-04-28 13:21:32',5,'Resource',NULL,'resource',NULL,NULL,NULL,NULL,NULL,NULL,NULL,NULL,NULL,NULL,NULL,NULL,NULL,NULL,NULL,NULL,NULL,NULL,NULL),(28,1,'2020-03-22 14:58:41','2020-03-22 14:58:41',NULL,'untitled',NULL,'untitled',NULL,NULL,NULL,NULL,NULL,NULL,NULL,NULL,NULL,NULL,NULL,NULL,NULL,NULL,'<a class = \"reference_link\" href = \"http://gogole.com\">Reading-1</a><br><a class = \"reference_link\" href = \"http://www.youtube.com\">Reading-2</a><br>',NULL,NULL,NULL,NULL),(29,1,'2020-03-22 14:58:41','2020-03-22 14:58:41',NULL,NULL,NULL,NULL,NULL,NULL,NULL,NULL,NULL,NULL,NULL,NULL,NULL,NULL,NULL,NULL,NULL,NULL,'<a class = \"reference_link\" href = \"http://gogole.com\">Reading-1</a><br><a class = \"reference_link\" href = \"http://www.youtube.com\">Reading-2</a><br>',NULL,NULL,NULL,NULL),(30,1,'2020-03-22 15:06:10','2020-03-22 15:06:10',NULL,'untitled',NULL,'untitled',NULL,NULL,NULL,NULL,NULL,NULL,NULL,NULL,NULL,NULL,NULL,NULL,NULL,NULL,'<a class = \"reference_link\" href = \"http://www.youtube.com\">Reading-1</a><br><a class = \"reference_link\" href = \"https://www.google.com\">Reading-2</a><br>',NULL,NULL,NULL,NULL),(31,1,'2020-03-22 15:06:10','2020-03-22 15:06:10',NULL,NULL,NULL,NULL,NULL,NULL,NULL,NULL,NULL,NULL,NULL,NULL,NULL,NULL,NULL,NULL,NULL,NULL,'<a class = \"reference_link\" href = \"http://www.youtube.com\">Reading-1</a><br><a class = \"reference_link\" href = \"https://www.google.com\">Reading-2</a><br>',NULL,NULL,NULL,NULL),(183,0,'2020-03-22 17:28:58','2020-04-03 15:23:23',NULL,'test reading',NULL,'test-reading',NULL,NULL,NULL,NULL,NULL,_binary '<div class=\"content_section\"><div></div></div>',NULL,NULL,'list 2',NULL,NULL,_binary '<div class=\"content_section\"><div></div></div>',NULL,NULL,'<a class = \"reference_link\" href = \"aaa\">reading1</a><br><a class = \"reference_link\" href = \"bbb\">reading2</a><br><a class = \"reference_link\" href = \"ccc\">reading3</a><br><a class = \"reference_link\" href = \"ddd\">reading4</a><br>',_binary '<div class=\"content_section\"><div></div></div>',NULL,NULL,NULL),(184,0,'2020-03-22 17:28:58','2020-04-03 15:32:03',NULL,'reading1',NULL,'reading1',NULL,NULL,NULL,NULL,NULL,NULL,NULL,NULL,NULL,NULL,NULL,NULL,NULL,NULL,'<a class = \"reference_link\" href = \"aaa\">reading1</a><br>',NULL,NULL,NULL,NULL),(185,0,'2020-03-22 17:28:58','2020-04-03 15:32:09',NULL,'reading2',NULL,'reading2',NULL,NULL,NULL,NULL,NULL,NULL,NULL,NULL,NULL,NULL,NULL,NULL,NULL,NULL,'<a class = \"reference_link\" href = \"bbb\">reading2</a><br>',NULL,NULL,NULL,NULL),(186,0,'2020-03-22 17:28:58','2020-04-03 15:32:13',NULL,'reading3',NULL,'reading3',NULL,NULL,NULL,NULL,NULL,NULL,NULL,NULL,NULL,NULL,NULL,NULL,NULL,NULL,'<a class = \"reference_link\" href = \"ccc\">reading3</a><br>',NULL,NULL,NULL,NULL),(187,0,'2020-04-02 22:45:48','2020-04-02 23:00:23',NULL,'An Artist Talk',NULL,'an-artist-talk',NULL,NULL,NULL,NULL,NULL,NULL,NULL,NULL,'list 2','Artist Talk',NULL,NULL,NULL,NULL,NULL,NULL,NULL,NULL,NULL),(188,0,'2020-04-02 22:52:49','2020-04-02 23:00:28',NULL,'An Artist Talk',NULL,'188',NULL,NULL,NULL,NULL,NULL,NULL,NULL,NULL,'list 2','Artist Talk',NULL,NULL,NULL,NULL,NULL,NULL,NULL,NULL,NULL),(189,0,'2020-04-02 23:00:09','2020-04-02 23:00:31',NULL,'An Artist Talk',NULL,'189',NULL,NULL,NULL,NULL,NULL,NULL,NULL,NULL,'list 2','Artist Talk',NULL,NULL,NULL,NULL,NULL,NULL,NULL,NULL,NULL),(190,0,'2020-04-02 23:00:09','2020-04-02 23:00:35',NULL,'An Artist Talk',NULL,'190',NULL,NULL,NULL,NULL,NULL,NULL,NULL,NULL,'list 2','Artist Talk',NULL,NULL,NULL,NULL,NULL,NULL,NULL,NULL,NULL),(191,1,'2020-04-02 23:00:10','2020-04-03 12:48:50',NULL,'An Artist Talk',NULL,'191',NULL,NULL,NULL,NULL,NULL,_binary '<div class=\"content_section\"><div></div></div>',NULL,NULL,'list 2','Artist Talk',NULL,_binary '<div class=\"content_section\"><div></div></div>',NULL,NULL,'<a class = \"reference_link\" href = \"ttt\">reading-1</a><br>',_binary '<div class=\"content_section\"><div></div></div>',NULL,NULL,NULL),(192,1,'2020-04-02 23:15:37','2020-04-02 23:15:37',NULL,'A reading',NULL,'a-reading',NULL,NULL,NULL,NULL,NULL,NULL,NULL,NULL,NULL,NULL,NULL,NULL,NULL,NULL,'<a class = \"reference_link\" href = \"http-server\">A reading</a><br>',NULL,NULL,194,NULL),(193,1,'2020-04-02 23:15:37','2020-04-02 23:15:37',NULL,'Another Reading',NULL,'another-reading',NULL,NULL,NULL,NULL,NULL,NULL,NULL,NULL,NULL,NULL,NULL,NULL,NULL,NULL,'<a class = \"reference_link\" href = \"https://google.com\">Another Reading</a><br>',NULL,NULL,194,NULL),(194,1,'2020-04-02 23:15:37','2020-04-02 23:15:37',NULL,'B atrist talk',NULL,'b-atrist-talk',NULL,NULL,NULL,NULL,NULL,NULL,NULL,NULL,'list 2',NULL,NULL,NULL,NULL,NULL,'<a class = \"reference_link\" href = \"http-server\">A reading</a><br><a class = \"reference_link\" href = \"https://google.com\">Another Reading</a><br>',NULL,NULL,NULL,192),(195,1,'2020-04-02 23:16:55','2020-04-02 23:16:55',NULL,'A reading',NULL,'a-reading',NULL,NULL,NULL,NULL,NULL,NULL,NULL,NULL,NULL,NULL,NULL,NULL,NULL,NULL,'<a class = \"reference_link\" href = \"http-server\">A reading</a><br>',NULL,NULL,197,NULL),(196,1,'2020-04-02 23:16:55','2020-04-02 23:16:55',NULL,'Another Reading',NULL,'another-reading',NULL,NULL,NULL,NULL,NULL,NULL,NULL,NULL,NULL,NULL,NULL,NULL,NULL,NULL,'<a class = \"reference_link\" href = \"https://google.com\">Another Reading</a><br>',NULL,NULL,197,NULL),(197,1,'2020-04-02 23:16:55','2020-04-02 23:16:55',NULL,'B atrist talk',NULL,'b-atrist-talk',NULL,NULL,NULL,NULL,NULL,NULL,NULL,NULL,'list 2',NULL,NULL,NULL,NULL,NULL,'<a class = \"reference_link\" href = \"http-server\">A reading</a><br><a class = \"reference_link\" href = \"https://google.com\">Another Reading</a><br>',NULL,NULL,NULL,195),(198,1,'2020-04-02 23:17:50','2020-04-02 23:17:50',NULL,'A reading',NULL,'a-reading',NULL,NULL,NULL,NULL,NULL,NULL,NULL,NULL,NULL,NULL,NULL,NULL,NULL,NULL,'<a class = \"reference_link\" href = \"http-server\">A reading</a><br>',NULL,NULL,NULL,NULL),(199,1,'2020-04-02 23:17:50','2020-04-02 23:17:50',NULL,'Another Reading',NULL,'another-reading',NULL,NULL,NULL,NULL,NULL,NULL,NULL,NULL,NULL,NULL,NULL,NULL,NULL,NULL,'<a class = \"reference_link\" href = \"https://google.com\">Another Reading</a><br>',NULL,NULL,NULL,NULL),(200,1,'2020-04-02 23:17:58','2020-04-02 23:17:58',NULL,'A reading',NULL,'a-reading',NULL,NULL,NULL,NULL,NULL,NULL,NULL,NULL,NULL,NULL,NULL,NULL,NULL,NULL,'<a class = \"reference_link\" href = \"http-server\">A reading</a><br>',NULL,NULL,NULL,NULL),(201,1,'2020-04-02 23:17:58','2020-04-02 23:17:58',NULL,'Another Reading',NULL,'another-reading',NULL,NULL,NULL,NULL,NULL,NULL,NULL,NULL,NULL,NULL,NULL,NULL,NULL,NULL,'<a class = \"reference_link\" href = \"https://google.com\">Another Reading</a><br>',NULL,NULL,NULL,NULL),(202,1,'2020-04-02 23:18:00','2020-04-02 23:18:00',NULL,'A reading',NULL,'a-reading',NULL,NULL,NULL,NULL,NULL,NULL,NULL,NULL,NULL,NULL,NULL,NULL,NULL,NULL,'<a class = \"reference_link\" href = \"http-server\">A reading</a><br>',NULL,NULL,NULL,NULL),(203,1,'2020-04-02 23:18:00','2020-04-02 23:18:00',NULL,'Another Reading',NULL,'another-reading',NULL,NULL,NULL,NULL,NULL,NULL,NULL,NULL,NULL,NULL,NULL,NULL,NULL,NULL,'<a class = \"reference_link\" href = \"https://google.com\">Another Reading</a><br>',NULL,NULL,NULL,NULL),(204,1,'2020-04-02 23:18:01','2020-04-02 23:18:01',NULL,'A reading',NULL,'a-reading',NULL,NULL,NULL,NULL,NULL,NULL,NULL,NULL,NULL,NULL,NULL,NULL,NULL,NULL,'<a class = \"reference_link\" href = \"http-server\">A reading</a><br>',NULL,NULL,NULL,NULL),(205,1,'2020-04-02 23:18:01','2020-04-02 23:18:01',NULL,'Another Reading',NULL,'another-reading',NULL,NULL,NULL,NULL,NULL,NULL,NULL,NULL,NULL,NULL,NULL,NULL,NULL,NULL,'<a class = \"reference_link\" href = \"https://google.com\">Another Reading</a><br>',NULL,NULL,NULL,NULL),(206,1,'2020-04-02 23:18:23','2020-04-02 23:18:23',NULL,'A reading',NULL,'a-reading',NULL,NULL,NULL,NULL,NULL,NULL,NULL,NULL,NULL,NULL,NULL,NULL,NULL,NULL,'<a class = \"reference_link\" href = \"http-server\">A reading</a><br>',NULL,NULL,208,NULL),(207,1,'2020-04-02 23:18:23','2020-04-02 23:18:23',NULL,'Another Reading',NULL,'another-reading',NULL,NULL,NULL,NULL,NULL,NULL,NULL,NULL,NULL,NULL,NULL,NULL,NULL,NULL,'<a class = \"reference_link\" href = \"https://google.com\">Another Reading</a><br>',NULL,NULL,208,NULL),(208,1,'2020-04-02 23:18:23','2020-04-02 23:18:23',NULL,'B atrist talk',NULL,'b-atrist-talk',NULL,NULL,NULL,NULL,NULL,NULL,NULL,NULL,'list 2',NULL,NULL,NULL,NULL,NULL,'<a class = \"reference_link\" href = \"http-server\">A reading</a><br><a class = \"reference_link\" href = \"https://google.com\">Another Reading</a><br>',NULL,NULL,NULL,206),(209,0,'2020-04-02 23:19:51','2020-04-15 21:37:30',NULL,'reading 4-1',NULL,'reading-4-1',NULL,NULL,NULL,NULL,NULL,NULL,NULL,NULL,NULL,NULL,NULL,NULL,NULL,NULL,'<a class = \"reference_link\" href = \"aaa\">reading 4-1</a><br>',NULL,NULL,NULL,NULL),(210,0,'2020-04-02 23:19:51','2020-04-15 21:37:54',NULL,'Reading-1',NULL,'reading-1',NULL,NULL,NULL,NULL,NULL,NULL,NULL,'2020-05-31 00:00:00',NULL,NULL,NULL,NULL,NULL,NULL,'<a class = \"reference_link\" href = \"aaa\">Reading-1</a><br>',NULL,NULL,NULL,NULL),(211,1,'2020-04-02 23:19:51','2020-04-02 23:19:51',NULL,'B atrist talk',NULL,'b-atrist-talk',NULL,NULL,NULL,NULL,NULL,NULL,NULL,NULL,'list 2',NULL,NULL,NULL,NULL,NULL,'<a class = \"reference_link\" href = \"http-server\">A reading</a><br><a class = \"reference_link\" href = \"https://google.com\">Another Reading</a><br>',NULL,NULL,NULL,209),(212,0,'2020-04-03 15:24:02','2020-04-03 15:25:53',NULL,'events',NULL,'events',NULL,NULL,NULL,NULL,NULL,NULL,NULL,NULL,'list 2',NULL,NULL,NULL,NULL,NULL,NULL,NULL,NULL,NULL,NULL),(213,0,'2020-04-03 15:29:29','2020-04-03 15:30:19',NULL,'upcoming',NULL,'upcoming',NULL,NULL,NULL,NULL,NULL,NULL,NULL,NULL,'list 2',NULL,NULL,NULL,NULL,NULL,NULL,NULL,NULL,NULL,NULL),(214,0,'2020-04-03 15:30:13','2020-04-03 15:30:36',NULL,'upcoming',NULL,'214',NULL,NULL,NULL,NULL,NULL,NULL,NULL,NULL,'list 2',NULL,NULL,NULL,NULL,NULL,NULL,NULL,NULL,NULL,NULL),(215,1,'2020-04-03 15:30:49','2020-04-28 13:18:54',NULL,'Upcoming',NULL,'upcoming',NULL,NULL,NULL,NULL,NULL,NULL,NULL,NULL,'list 2',NULL,NULL,NULL,NULL,NULL,NULL,NULL,NULL,NULL,NULL),(216,0,'2020-04-03 15:31:54','2020-04-15 21:37:38',NULL,'reading 4-4',NULL,'reading-4-4',NULL,NULL,NULL,NULL,NULL,_binary '<div class = \"content_section\"><div></div></div>',NULL,NULL,'list 2',NULL,NULL,_binary '<div class = \"content_section\"><div></div></div>',NULL,NULL,'<a class = \"reference_link\" href = \"ddd\">reading 4-4</a><br>',_binary '<div class = \"content_section\"><div></div></div>',NULL,NULL,239),(217,0,'2020-04-03 15:31:54','2020-04-15 21:37:57',NULL,'Reading-2',NULL,'reading-2',NULL,NULL,NULL,NULL,NULL,NULL,NULL,'2020-05-31 00:00:00',NULL,NULL,NULL,NULL,NULL,NULL,'<a class = \"reference_link\" href = \"bbb\">Reading-2</a><br>',NULL,NULL,218,NULL),(218,0,'2020-04-03 15:31:54','2020-04-21 15:47:33',NULL,'An Upcoming Event A',NULL,'an-upcoming-event-a',NULL,NULL,NULL,NULL,NULL,_binary '<div class=\"content_section\"><div></div></div>',NULL,'2020-05-31 00:00:00','list 2','Artist Talk','6:30 pm EST',_binary '<div class=\"content_section\"><div></div></div>',NULL,NULL,'<a class = \"reference_link\" href = \"aaa\">Reading-1</a><br><a class = \"reference_link\" href = \"bbb\">Reading-2</a><br>',_binary '<div class=\"content_section\"><div></div></div>','//trigger.local/media/00012.jpg',NULL,216),(219,0,'2020-04-03 16:23:18','2020-04-15 21:38:05',NULL,'reading-2-1',NULL,'reading-2-1',NULL,NULL,NULL,NULL,NULL,NULL,NULL,NULL,NULL,NULL,NULL,NULL,NULL,NULL,'<a class = \"reference_link\" href = \"aaa\">reading-2-1</a><br>',NULL,NULL,221,NULL),(220,0,'2020-04-03 16:23:18','2020-04-15 21:38:10',NULL,'reading-2-2',NULL,'reading-2-2',NULL,NULL,NULL,NULL,NULL,NULL,NULL,NULL,NULL,NULL,NULL,NULL,NULL,NULL,'<a class = \"reference_link\" href = \"bbb\">reading-2-2</a><br>',NULL,NULL,221,NULL),(221,0,'2020-04-03 16:23:18','2020-04-21 15:50:00',NULL,'Artist Talk 2',NULL,'artist-talk-2',NULL,NULL,NULL,NULL,NULL,_binary '<div class=\"content_section\"><div></div></div>',NULL,'2020-05-13 00:00:00','list 2','Artist Talk','6:30 EST',_binary '<div>When we were first invited to the Creation of Creators design show (a new platform at the 2018 Maison Shanghai home decor trade show), we were honestly a bit confused — Why would they invite us? In 2016 and 2017, we worked on many projects, but they seemingly had little to do with design. Through conversations with the design show’s sponsor Zhou Chenchen, we gained an understanding of the show’s intention. We thought, maybe we could do something that we were actually interested in.</div><div><br></div><div>We are a team based in Xiamen, but since many of our projects took place in Shanghai, I was searching for an apartment in Shanghai. As I was doing some searching on an intermediary website for real estates, I discovered that the rental rates have changed a lot since 10 years ago, when I was still living in Shanghai. I found some apartments under 8000 RMB on lianjia.com (an intermediary website), many of them were 1-room apartments that are common in Shanghai, and some showed the tastes of the tenants.</div><div><br></div>',NULL,NULL,'<a class = \"reference_link\" href = \"aaa\">reading-2-1</a><br><a class = \"reference_link\" href = \"bbb\">reading-2-2</a><br>',_binary '<div class=\"content_section\"><div></div></div>','//trigger.local/media/00013.jpg',NULL,219),(222,1,'2020-04-03 16:25:58','2020-04-03 16:25:58',NULL,'reading 3-1',NULL,'reading-3-1',NULL,NULL,NULL,NULL,NULL,NULL,NULL,NULL,NULL,NULL,NULL,NULL,NULL,NULL,'<a class = \"reference_link\" href = \"aaa\">reading 3-1</a><br>',NULL,NULL,NULL,NULL),(223,1,'2020-04-03 16:25:58','2020-04-03 16:25:58',NULL,'reading 3-2',NULL,'reading-3-2',NULL,NULL,NULL,NULL,NULL,NULL,NULL,NULL,NULL,NULL,NULL,NULL,NULL,NULL,'<a class = \"reference_link\" href = \"bbb\">reading 3-2</a><br>',NULL,NULL,NULL,NULL),(224,1,'2020-04-03 16:28:01','2020-04-03 16:28:01',NULL,'reading 3-1',NULL,'reading-3-1',NULL,NULL,NULL,NULL,NULL,NULL,NULL,NULL,NULL,NULL,NULL,NULL,NULL,NULL,'<a class = \"reference_link\" href = \"aaa\">reading 3-1</a><br>',NULL,NULL,NULL,NULL),(225,1,'2020-04-03 16:28:01','2020-04-03 16:28:01',NULL,'reading 3-2',NULL,'reading-3-2',NULL,NULL,NULL,NULL,NULL,NULL,NULL,NULL,NULL,NULL,NULL,NULL,NULL,NULL,'<a class = \"reference_link\" href = \"bbb\">reading 3-2</a><br>',NULL,NULL,NULL,NULL),(226,0,'2020-04-03 16:28:28','2020-04-15 21:37:34',NULL,'reading 4-2',NULL,'reading-4-2',NULL,NULL,NULL,NULL,NULL,NULL,NULL,NULL,NULL,NULL,NULL,NULL,NULL,NULL,'<a class = \"reference_link\" href = \"bbb\">reading 4-2</a><br>',NULL,NULL,NULL,NULL),(227,0,'2020-04-03 16:28:28','2020-04-15 21:37:50',NULL,'reading 999',NULL,'reading-999',NULL,NULL,NULL,NULL,NULL,NULL,NULL,NULL,NULL,NULL,NULL,NULL,NULL,NULL,'<a class = \"reference_link\" href = \"999\">reading 999</a><br>',NULL,NULL,NULL,NULL),(228,0,'2020-04-03 16:28:28','2020-04-03 17:44:32',NULL,'Artist Talk 3',NULL,'artist-talk-3',NULL,NULL,NULL,NULL,NULL,NULL,NULL,NULL,'list 2',NULL,NULL,NULL,NULL,NULL,'<a class = \"reference_link\" href = \"aaa\">reading 3-1</a><br><a class = \"reference_link\" href = \"bbb\">reading 3-2</a><br>',NULL,NULL,NULL,226),(229,0,'2020-04-03 16:28:51','2020-04-15 21:37:23',NULL,'reading 3-1',NULL,'229',NULL,NULL,NULL,NULL,NULL,NULL,NULL,NULL,NULL,NULL,NULL,NULL,NULL,NULL,'<a class = \"reference_link\" href = \"aaa\">reading 3-1</a><br>',NULL,NULL,231,NULL),(230,0,'2020-04-03 16:28:51','2020-04-15 21:37:18',NULL,'reading 13',NULL,'reading-13',NULL,NULL,NULL,NULL,NULL,NULL,NULL,NULL,NULL,NULL,NULL,NULL,NULL,NULL,'<a class = \"reference_link\" href = \"1313\">reading 13</a><br>',NULL,NULL,NULL,NULL),(231,0,'2020-04-03 16:28:51','2020-04-03 16:31:48',NULL,'at 3',NULL,'at-3',NULL,NULL,NULL,NULL,NULL,NULL,NULL,NULL,'list 2',NULL,NULL,NULL,NULL,NULL,'<a class = \"reference_link\" href = \"aaa\">reading 3-1</a><br><a class = \"reference_link\" href = \"bbb\">reading 3-2</a><br>',NULL,NULL,NULL,229),(232,0,'2020-04-03 16:32:09','2020-04-15 21:37:43',NULL,'reading 4-6',NULL,'reading-4-6',NULL,NULL,NULL,NULL,NULL,NULL,NULL,NULL,NULL,NULL,NULL,NULL,NULL,NULL,'<a class = \"reference_link\" href = \"eee\">reading 4-6</a><br>',NULL,NULL,NULL,NULL),(233,0,'2020-04-03 16:32:09','2020-04-03 16:35:20',NULL,'at 3',NULL,'at-3',NULL,NULL,NULL,NULL,NULL,_binary '<div class = \"content_section\"><div></div></div>',NULL,NULL,'list 2',NULL,NULL,_binary '<div class = \"content_section\"><div></div></div>',NULL,NULL,'<a class = \"reference_link\" href = \"bbb\">reading 3-2</a><br>',_binary '<div class = \"content_section\"><div></div></div>',NULL,NULL,NULL),(234,0,'2020-04-03 16:33:55','2020-04-15 21:37:47',NULL,'reading 403',NULL,'reading-403',NULL,NULL,NULL,NULL,NULL,NULL,NULL,NULL,NULL,NULL,NULL,NULL,NULL,NULL,'<a class = \"reference_link\" href = \"ccc\">reading 403</a><br>',NULL,NULL,NULL,NULL),(235,0,'2020-04-03 16:33:55','2020-04-03 16:35:16',NULL,'at 3',NULL,'235',NULL,NULL,NULL,NULL,NULL,NULL,NULL,NULL,'list 2',NULL,NULL,NULL,NULL,'<a class = \"reference_link\" href = \"aaa\">reading 3-1</a><br>','<a class = \"reference_link\" href = \"bbb\">reading 3-2</a><br>',NULL,NULL,NULL,234),(236,0,'2020-04-03 16:35:39','2020-04-15 21:37:11',NULL,'reading 11',NULL,'reading-11',NULL,NULL,NULL,NULL,NULL,NULL,NULL,NULL,NULL,NULL,NULL,NULL,NULL,NULL,'<a class = \"reference_link\" href = \"11\">reading 11</a><br>',NULL,NULL,NULL,NULL),(237,0,'2020-04-03 16:35:39','2020-04-15 21:37:27',NULL,'reading 3-2',NULL,'237',NULL,NULL,NULL,NULL,NULL,NULL,NULL,NULL,NULL,NULL,NULL,NULL,NULL,NULL,'<a class = \"reference_link\" href = \"bbb\">reading 3-2</a><br>',NULL,NULL,238,NULL),(238,0,'2020-04-03 16:35:39','2020-04-03 20:02:04',NULL,'at 3',NULL,'at-3',NULL,NULL,NULL,NULL,NULL,_binary '<div class = \"content_section\"><div></div></div>',NULL,NULL,'list 2',NULL,NULL,_binary '<div class = \"content_section\"><div></div></div>',NULL,NULL,'<a class = \"reference_link\" href = \"aaa\">reading 3-1</a><br><a class = \"reference_link\" href = \"bbb\">reading 3-2</a><br><a class = \"reference_link\" href = \"ccc\">reading 3-3</a><br>',_binary '<div class = \"content_section\"><div></div></div>',NULL,NULL,247),(239,1,'2020-04-03 17:44:01','2020-04-03 17:44:01',NULL,'Reading-1',NULL,'239',NULL,NULL,NULL,NULL,NULL,NULL,NULL,'2020-05-31 00:00:00',NULL,NULL,NULL,NULL,NULL,NULL,'<a class = \"reference_link\" href = \"aaa\">Reading-1</a><br>',NULL,NULL,NULL,NULL),(240,1,'2020-04-03 17:44:01','2020-04-03 17:44:01',NULL,'reading-2-2',NULL,'240',NULL,NULL,NULL,NULL,NULL,NULL,NULL,'2020-05-31 00:00:00',NULL,NULL,NULL,NULL,NULL,NULL,'<a class = \"reference_link\" href = \"bbb\">reading-2-2</a><br>',NULL,NULL,NULL,NULL),(241,0,'2020-04-03 17:45:08','2020-04-15 21:37:07',NULL,'reading 10',NULL,'reading-10',NULL,NULL,NULL,NULL,NULL,NULL,NULL,NULL,NULL,NULL,NULL,NULL,NULL,NULL,'<a class = \"reference_link\" href = \"10\">reading 10</a><br>',NULL,NULL,NULL,NULL),(242,0,'2020-04-03 17:45:08','2020-04-15 21:37:15',NULL,'reading 12',NULL,'reading-12',NULL,NULL,NULL,NULL,NULL,NULL,NULL,NULL,NULL,NULL,NULL,NULL,NULL,NULL,'<a class = \"reference_link\" href = \"112\">reading 12</a><br>',NULL,NULL,NULL,NULL),(243,0,'2020-04-03 17:45:08','2020-04-03 18:21:09',NULL,'AT 4',NULL,'at-4',NULL,NULL,NULL,NULL,NULL,_binary '<div class=\"content_section\"><div></div></div>',NULL,NULL,'list 2',NULL,NULL,_binary '<div class=\"content_section\"><div></div></div>',NULL,NULL,'<a class = \"reference_link\" href = \"aaa\">reading 4-1</a><br><a class = \"reference_link\" href = \"bbb\">reading 4-2</a><br><a class = \"reference_link\" href = \"ccc\">reading 4-3</a><br><a class = \"reference_link\" href = \"ddd\">reading 4-4</a><br><a class = \"reference_link\" href = \"eee\">reading 4-5</a><br><a class = \"reference_link\" href = \"fff\">reading 4-6</a><br>',_binary '<div class=\"content_section\"><div></div></div>',NULL,NULL,NULL),(244,1,'2020-04-03 17:45:51','2020-04-03 17:45:51',NULL,'reading 4-1',NULL,'244',NULL,NULL,NULL,NULL,NULL,NULL,NULL,NULL,NULL,NULL,NULL,NULL,NULL,NULL,'<a class = \"reference_link\" href = \"aaa\">reading 4-1</a><br>',NULL,NULL,NULL,NULL),(245,1,'2020-04-03 17:45:51','2020-04-03 17:45:51',NULL,NULL,NULL,NULL,NULL,NULL,NULL,NULL,NULL,NULL,NULL,NULL,NULL,NULL,NULL,NULL,NULL,NULL,'<a class = \"reference_link\" href = \"\"></a><br>',NULL,NULL,NULL,NULL),(246,1,'2020-04-03 17:45:51','2020-04-03 17:45:51',NULL,'(title)',NULL,'title',NULL,NULL,NULL,NULL,NULL,NULL,NULL,NULL,NULL,NULL,NULL,NULL,NULL,NULL,'<a class = \"reference_link\" href = \"(url)\">(title)</a><br>',NULL,NULL,NULL,NULL),(247,1,'2020-04-03 18:01:07','2020-04-03 18:01:07',NULL,'reading 3-1',NULL,'247',NULL,NULL,NULL,NULL,NULL,NULL,NULL,NULL,NULL,NULL,NULL,NULL,NULL,NULL,'<a class = \"reference_link\" href = \"aaa\">reading 3-1</a><br>',NULL,NULL,NULL,NULL),(248,1,'2020-04-03 18:01:07','2020-04-03 18:01:07',NULL,'reading 3-2',NULL,'248',NULL,NULL,NULL,NULL,NULL,NULL,NULL,NULL,NULL,NULL,NULL,NULL,NULL,NULL,'<a class = \"reference_link\" href = \"bbb\">reading 3-2</a><br>',NULL,NULL,NULL,NULL),(249,1,'2020-04-03 18:01:07','2020-04-03 18:01:07',NULL,'reading 3-3',NULL,'reading-3-3',NULL,NULL,NULL,NULL,NULL,NULL,NULL,NULL,NULL,NULL,NULL,NULL,NULL,NULL,'<a class = \"reference_link\" href = \"ccc\">reading 3-3</a><br>',NULL,NULL,NULL,NULL),(250,1,'2020-04-03 18:01:39','2020-04-03 18:01:39',NULL,'reading 4-1',NULL,'250',NULL,NULL,NULL,NULL,NULL,NULL,NULL,NULL,NULL,NULL,NULL,NULL,NULL,NULL,'<a class = \"reference_link\" href = \"aaa\">reading 4-1</a><br>',NULL,NULL,NULL,NULL),(251,1,'2020-04-03 18:01:39','2020-04-03 18:01:39',NULL,'reading 4-2',NULL,'251',NULL,NULL,NULL,NULL,NULL,NULL,NULL,NULL,NULL,NULL,NULL,NULL,NULL,NULL,'<a class = \"reference_link\" href = \"bbb\">reading 4-2</a><br>',NULL,NULL,NULL,NULL),(252,1,'2020-04-03 18:02:00','2020-04-03 18:02:00',NULL,'reading 4-1',NULL,'252',NULL,NULL,NULL,NULL,NULL,NULL,NULL,NULL,NULL,NULL,NULL,NULL,NULL,NULL,'<a class = \"reference_link\" href = \"aaa\">reading 4-1</a><br>',NULL,NULL,NULL,NULL),(253,1,'2020-04-03 18:02:00','2020-04-03 18:02:00',NULL,'reading 4-2',NULL,'253',NULL,NULL,NULL,NULL,NULL,NULL,NULL,NULL,NULL,NULL,NULL,NULL,NULL,NULL,'<a class = \"reference_link\" href = \"bbb\">reading 4-2</a><br>',NULL,NULL,NULL,NULL),(254,1,'2020-04-03 18:02:00','2020-04-03 18:02:00',NULL,'reading 4-3',NULL,'reading-4-3',NULL,NULL,NULL,NULL,NULL,NULL,NULL,NULL,NULL,NULL,NULL,NULL,NULL,NULL,'<a class = \"reference_link\" href = \"ccc\">reading 4-3</a><br>',NULL,NULL,NULL,NULL),(255,1,'2020-04-03 18:04:09','2020-04-03 18:04:09',NULL,'reading 4-1',NULL,'255',NULL,NULL,NULL,NULL,NULL,NULL,NULL,NULL,NULL,NULL,NULL,NULL,NULL,NULL,'<a class = \"reference_link\" href = \"aaa\">reading 4-1</a><br>',NULL,NULL,NULL,NULL),(256,1,'2020-04-03 18:04:09','2020-04-03 18:04:09',NULL,'reading 4-2',NULL,'256',NULL,NULL,NULL,NULL,NULL,NULL,NULL,NULL,NULL,NULL,NULL,NULL,NULL,NULL,'<a class = \"reference_link\" href = \"bbb\">reading 4-2</a><br>',NULL,NULL,NULL,NULL),(257,1,'2020-04-03 18:04:09','2020-04-03 18:04:09',NULL,'reading 4-3',NULL,'reading-4-3',NULL,NULL,NULL,NULL,NULL,NULL,NULL,NULL,NULL,NULL,NULL,NULL,NULL,NULL,'<a class = \"reference_link\" href = \"ccc\">reading 4-3</a><br>',NULL,NULL,NULL,NULL),(258,1,'2020-04-03 18:04:09','2020-04-03 18:04:09',NULL,'reading 4-4',NULL,'reading-4-4',NULL,NULL,NULL,NULL,NULL,NULL,NULL,NULL,NULL,NULL,NULL,NULL,NULL,NULL,'<a class = \"reference_link\" href = \"ddd\">reading 4-4</a><br>',NULL,NULL,NULL,NULL),(259,1,'2020-04-03 18:07:19','2020-04-03 18:07:19',NULL,'reading 4-1',NULL,'259',NULL,NULL,NULL,NULL,NULL,NULL,NULL,NULL,NULL,NULL,NULL,NULL,NULL,NULL,'<a class = \"reference_link\" href = \"aaa\">reading 4-1</a><br>',NULL,NULL,NULL,NULL),(260,1,'2020-04-03 18:07:19','2020-04-03 18:07:19',NULL,'reading 4-2',NULL,'260',NULL,NULL,NULL,NULL,NULL,NULL,NULL,NULL,NULL,NULL,NULL,NULL,NULL,NULL,'<a class = \"reference_link\" href = \"bbb\">reading 4-2</a><br>',NULL,NULL,NULL,NULL),(261,1,'2020-04-03 18:07:19','2020-04-03 18:07:19',NULL,'reading 4-3',NULL,'reading-4-3',NULL,NULL,NULL,NULL,NULL,NULL,NULL,NULL,NULL,NULL,NULL,NULL,NULL,NULL,'<a class = \"reference_link\" href = \"ccc\">reading 4-3</a><br>',NULL,NULL,NULL,NULL),(262,1,'2020-04-03 18:07:19','2020-04-03 18:07:19',NULL,'reading 4-4',NULL,'reading-4-4',NULL,NULL,NULL,NULL,NULL,NULL,NULL,NULL,NULL,NULL,NULL,NULL,NULL,NULL,'<a class = \"reference_link\" href = \"ddd\">reading 4-4</a><br>',NULL,NULL,NULL,NULL),(263,1,'2020-04-03 18:07:19','2020-04-03 18:07:19',NULL,'reading 4-5',NULL,'reading-4-5',NULL,NULL,NULL,NULL,NULL,NULL,NULL,NULL,NULL,NULL,NULL,NULL,NULL,NULL,'<a class = \"reference_link\" href = \"eee\">reading 4-5</a><br>',NULL,NULL,NULL,NULL),(264,1,'2020-04-03 18:07:49','2020-04-03 18:07:49',NULL,'reading 4-1',NULL,'264',NULL,NULL,NULL,NULL,NULL,NULL,NULL,NULL,NULL,NULL,NULL,NULL,NULL,NULL,'<a class = \"reference_link\" href = \"aaa\">reading 4-1</a><br>',NULL,NULL,NULL,NULL),(265,1,'2020-04-03 18:07:49','2020-04-03 18:07:49',NULL,'reading 4-2',NULL,'265',NULL,NULL,NULL,NULL,NULL,NULL,NULL,NULL,NULL,NULL,NULL,NULL,NULL,NULL,'<a class = \"reference_link\" href = \"bbb\">reading 4-2</a><br>',NULL,NULL,NULL,NULL),(266,1,'2020-04-03 18:07:49','2020-04-03 18:07:49',NULL,'reading 4-3',NULL,'reading-4-3',NULL,NULL,NULL,NULL,NULL,NULL,NULL,NULL,NULL,NULL,NULL,NULL,NULL,NULL,'<a class = \"reference_link\" href = \"ccc\">reading 4-3</a><br>',NULL,NULL,NULL,NULL),(267,1,'2020-04-03 18:07:49','2020-04-03 18:07:49',NULL,'reading 4-4',NULL,'reading-4-4',NULL,NULL,NULL,NULL,NULL,NULL,NULL,NULL,NULL,NULL,NULL,NULL,NULL,NULL,'<a class = \"reference_link\" href = \"ddd\">reading 4-4</a><br>',NULL,NULL,NULL,NULL),(268,1,'2020-04-03 18:07:49','2020-04-03 18:07:49',NULL,'reading 4-5',NULL,'reading-4-5',NULL,NULL,NULL,NULL,NULL,NULL,NULL,NULL,NULL,NULL,NULL,NULL,NULL,NULL,'<a class = \"reference_link\" href = \"eee\">reading 4-5</a><br>',NULL,NULL,NULL,NULL),(269,1,'2020-04-03 18:08:59','2020-04-03 18:08:59',NULL,'reading 4-1',NULL,'269',NULL,NULL,NULL,NULL,NULL,NULL,NULL,NULL,NULL,NULL,NULL,NULL,NULL,NULL,'<a class = \"reference_link\" href = \"aaa\">reading 4-1</a><br>',NULL,NULL,NULL,NULL),(270,1,'2020-04-03 18:08:59','2020-04-03 18:08:59',NULL,'reading 4-2',NULL,'270',NULL,NULL,NULL,NULL,NULL,NULL,NULL,NULL,NULL,NULL,NULL,NULL,NULL,NULL,'<a class = \"reference_link\" href = \"bbb\">reading 4-2</a><br>',NULL,NULL,NULL,NULL),(271,1,'2020-04-03 18:08:59','2020-04-03 18:08:59',NULL,'reading 4-3',NULL,'reading-4-3',NULL,NULL,NULL,NULL,NULL,NULL,NULL,NULL,NULL,NULL,NULL,NULL,NULL,NULL,'<a class = \"reference_link\" href = \"ccc\">reading 4-3</a><br>',NULL,NULL,NULL,NULL),(272,1,'2020-04-03 18:08:59','2020-04-03 18:08:59',NULL,'reading 4-4',NULL,'reading-4-4',NULL,NULL,NULL,NULL,NULL,NULL,NULL,NULL,NULL,NULL,NULL,NULL,NULL,NULL,'<a class = \"reference_link\" href = \"ddd\">reading 4-4</a><br>',NULL,NULL,NULL,NULL),(273,1,'2020-04-03 18:08:59','2020-04-03 18:08:59',NULL,'reading 4-5',NULL,'reading-4-5',NULL,NULL,NULL,NULL,NULL,NULL,NULL,NULL,NULL,NULL,NULL,NULL,NULL,NULL,'<a class = \"reference_link\" href = \"eee\">reading 4-5</a><br>',NULL,NULL,NULL,NULL),(274,0,'2020-04-03 18:21:27','2020-04-03 20:02:35',NULL,'AT 4',NULL,'at-4',NULL,NULL,NULL,NULL,NULL,_binary '<div class=\"content_section\"><div></div></div>',NULL,NULL,'list 2',NULL,NULL,_binary '<div class=\"content_section\"><div></div></div>','<a class = \"reference_link\" href = \"aaa\">readng 4-1</a><br>',NULL,'<a class = \"reference_link\" href = \"aaa\">reading 4-1</a><br><a class = \"reference_link\" href = \"bbb\">reading 4-2</a><br><a class = \"reference_link\" href = \"ccc\">reading 403</a><br><a class = \"reference_link\" href = \"ddd\">reading 4-4</a><br><a class = \"reference_link\" href = \"ffff\">reading 4-5</a><br><a class = \"reference_link\" href = \"eee\">reading 4-6</a><br><a class = \"reference_link\" href = \"77777\">reading 4-7777</a><br><a class = \"reference_link\" href = \"88\">reading 888</a><br><a class = \"reference_link\" href = \"999\">reading 999</a><br><a class = \"reference_link\" href = \"10\">reading 10</a><br><a class = \"reference_link\" href = \"11\">reading 11</a><br><a class = \"reference_link\" href = \"112\">reading 12</a><br><a class = \"reference_link\" href = \"1313\">reading 13</a><br><a class = \"reference_link\" href = \"14\">reading 14</a><br>',_binary '<div class=\"content_section\"><div></div></div>',NULL,NULL,281),(275,1,'2020-04-03 18:21:47','2020-04-03 18:21:47',NULL,'reading 4-1',NULL,'275',NULL,NULL,NULL,NULL,NULL,NULL,NULL,NULL,NULL,NULL,NULL,NULL,NULL,NULL,'<a class = \"reference_link\" href = \"aaa\">reading 4-1</a><br>',NULL,NULL,NULL,NULL),(276,1,'2020-04-03 18:22:40','2020-04-03 18:22:40',NULL,'reading 4-1',NULL,'276',NULL,NULL,NULL,NULL,NULL,NULL,NULL,NULL,NULL,NULL,NULL,NULL,NULL,NULL,'<a class = \"reference_link\" href = \"aaa\">reading 4-1</a><br>',NULL,NULL,NULL,NULL),(277,1,'2020-04-03 18:22:40','2020-04-03 18:22:40',NULL,'reading 4-2',NULL,'277',NULL,NULL,NULL,NULL,NULL,NULL,NULL,NULL,NULL,NULL,NULL,NULL,NULL,NULL,'<a class = \"reference_link\" href = \"bbb\">reading 4-2</a><br>',NULL,NULL,NULL,NULL),(278,1,'2020-04-03 18:27:21','2020-04-03 18:27:21',NULL,'reading 4-1',NULL,'278',NULL,NULL,NULL,NULL,NULL,NULL,NULL,NULL,NULL,NULL,NULL,NULL,NULL,NULL,'<a class = \"reference_link\" href = \"aaa\">reading 4-1</a><br>',NULL,NULL,NULL,NULL),(279,1,'2020-04-03 18:27:21','2020-04-03 18:27:21',NULL,'reading 4-2',NULL,'279',NULL,NULL,NULL,NULL,NULL,NULL,NULL,NULL,NULL,NULL,NULL,NULL,NULL,NULL,'<a class = \"reference_link\" href = \"bbb\">reading 4-2</a><br>',NULL,NULL,NULL,NULL),(280,1,'2020-04-03 18:27:21','2020-04-03 18:27:21',NULL,'reading 403',NULL,'reading-403',NULL,NULL,NULL,NULL,NULL,NULL,NULL,NULL,NULL,NULL,NULL,NULL,NULL,NULL,'<a class = \"reference_link\" href = \"ccc\">reading 403</a><br>',NULL,NULL,NULL,NULL),(281,1,'2020-04-03 18:34:52','2020-04-03 18:34:52',NULL,'reading 4-1',NULL,'281',NULL,NULL,NULL,NULL,NULL,NULL,NULL,NULL,NULL,NULL,NULL,NULL,NULL,NULL,'<a class = \"reference_link\" href = \"aaa\">reading 4-1</a><br>',NULL,NULL,NULL,NULL),(282,1,'2020-04-03 18:34:52','2020-04-03 18:34:52',NULL,'reading 4-2',NULL,'282',NULL,NULL,NULL,NULL,NULL,NULL,NULL,NULL,NULL,NULL,NULL,NULL,NULL,NULL,'<a class = \"reference_link\" href = \"bbb\">reading 4-2</a><br>',NULL,NULL,NULL,NULL),(283,1,'2020-04-03 18:34:52','2020-04-03 18:34:52',NULL,'reading 403',NULL,'reading-403',NULL,NULL,NULL,NULL,NULL,NULL,NULL,NULL,NULL,NULL,NULL,NULL,NULL,NULL,'<a class = \"reference_link\" href = \"ccc\">reading 403</a><br>',NULL,NULL,NULL,NULL),(284,1,'2020-04-03 18:34:52','2020-04-03 18:34:52',NULL,'reading 4-4',NULL,'reading-4-4',NULL,NULL,NULL,NULL,NULL,NULL,NULL,NULL,NULL,NULL,NULL,NULL,NULL,NULL,'<a class = \"reference_link\" href = \"ddd\">reading 4-4</a><br>',NULL,NULL,NULL,NULL),(285,0,'2020-04-03 19:56:20','2020-04-28 13:18:10',NULL,'About',NULL,'about',NULL,NULL,NULL,NULL,NULL,_binary '<div class=\"content_section\"><div></div></div>',NULL,NULL,'list 2',NULL,NULL,_binary '<div>Trigger is a non-profit academic community devoted to producing content and raising issues in the context of contemporary art. It involves art students, artists, and a halo of interested parties with similar education backgrounds in the United States. Setting up event venues and networking devices in multiple art schools (RISD, Parsons, SVA, VCU, SAIC, NYU), Trigger breaks through geographical restrictions and thus allows art critique workshops, artist talks and panel discussions to take place in multiple spaces simultaneously. Participants of Trigger’s current events are mainly Chinese.</div><h4 class=\"subtitle\">Events</h4><div><ol><li>Each week, Trigger invites two mid-career artists active in the contemporary art circles of China and the United States, respectively, to have online conversations. The event will be live streamed and displayed in multiple art schools mentioned above. At each event site, there is a student helper in charge of debugging Internet devices, coordinating Q &amp; A sessions and offline discussion. Trigger pairs up artists whose works share similar thematic concerns or material approach. While creating more space for interdisciplinary discussion, Trigger aims to deepen its audience’s understanding of various media languages. The conversation between the two artists will be transcribed to textual records and posted online.</li><li>Each Semester, Trigger organizes ten-hour critique “marathon” twice. Students who join the critique workshop voluntarily will present their recent projects and ask other participants for their feedback.</li></ol></div><h4 class=\"subtitle\">Mission</h4><div>Trigger uses an online platform to build an academic community consisting of members from different art schools. By organizing a series of events including artist sharings, panel discussions and exhibitions, Trigger aims to overcome the cultural barrier caused by the language difference and geographical distance between Chinese artists and American audiences. Through interdisciplinary communication, Trigger inspires its participants to explore various methods of artistic research and art-making.</div>',NULL,NULL,NULL,_binary '<div class=\"content_section\"><div></div></div>',NULL,NULL,NULL),(286,1,'2020-04-03 20:02:50','2020-04-21 16:39:54',NULL,'reading2',NULL,'reading2',NULL,NULL,NULL,NULL,NULL,NULL,NULL,'2020-01-13 00:00:00',NULL,NULL,NULL,NULL,NULL,NULL,'<a class = \"reference_link\" href = \"bbb\">reading2</a><br>',NULL,NULL,NULL,NULL),(287,0,'2020-04-03 20:03:28','2020-04-15 21:38:13',NULL,'reading-2-2',NULL,'0hew',NULL,NULL,NULL,NULL,NULL,NULL,NULL,'2020-05-13 00:00:00',NULL,NULL,NULL,NULL,NULL,NULL,'<a class = \"reference_link\" href = \"bbb\">reading-2-2</a><br>',NULL,NULL,NULL,NULL),(288,1,'2020-04-08 12:22:52','2020-04-08 12:22:52',NULL,'untitled',NULL,'untitled',NULL,NULL,NULL,NULL,NULL,_binary '<div class=\"content_section\"><div></div></div>',NULL,NULL,'list 2',NULL,NULL,_binary '<div>Trigger is a non-profit academic community devoted to producing content and raising issues in the context of contemporary art. It involves art students, artists, and a halo of interested parties with similar education backgrounds in the United States. Setting up event venues and networking devices in multiple art schools (RISD, Parsons, SVA, VCU, SAIC, NYU), Trigger breaks through geographical restrictions and thus allows art critique workshops, artist talks and panel discussions to take place in multiple spaces simultaneously. Participants of Trigger’s current events are mainly Chinese.</div><h4 class=\"subtitle\">Events</h4><div><ol><li>Each week, Trigger invites two mid-career artists active in the contemporary art circles of China and the United States, respectively, to have online conversations. The event will be live streamed and displayed in multiple art schools mentioned above. At each event site, there is a student helper in charge of debugging Internet devices, coordinating Q &amp; A sessions and offline discussion. Trigger pairs up artists whose works share similar thematic concerns or material approach. While creating more space for interdisciplinary discussion, Trigger aims to deepen its audience’s understanding of various media languages. The conversation between the two artists will be transcribed to textual records and posted online.</li><li>Each Semester, Trigger organizes ten-hour critique “marathon” twice. Students who join the critique workshop voluntarily will present their recent projects and ask other participants for their feedback.</li></ol></div><h4 class=\"subtitle\">Mission</h4><div>Trigger uses an online platform to build an academic community consisting of members from different art schools. By organizing a series of events including artist sharings, panel discussions and exhibitions, Trigger aims to overcome the cultural barrier caused by the language difference and geographical distance between Chinese artists and American audiences. Through interdisciplinary communication, Trigger inspires its participants to explore various methods of artistic research and art-making.</div>',NULL,NULL,NULL,_binary '<div class=\"content_section\"><div></div></div>',NULL,NULL,NULL),(289,1,'2020-04-10 20:18:25','2020-04-28 17:03:30',NULL,'Cole Lu + Na Buqi',NULL,'kong-mo-cheng-xinhao',NULL,NULL,NULL,NULL,NULL,_binary '<div></div>',NULL,'04.07.2020','<div>Rhode island school of Design<div class=\"address\">2 college street, room 402</div><div class=\"address\"><br></div><div class=\"address\"><br></div><div></div></div>','Artist Panel Talk','6:30 pm EST',NULL,NULL,NULL,NULL,NULL,'//trigger.local/media/00014.jpg',NULL,NULL),(290,1,'2020-04-10 20:20:10','2020-04-21 22:11:15',NULL,'Lee Kai Chung + Wang Tuo',NULL,'lee-kai-chung-wang-tuo',NULL,NULL,NULL,NULL,NULL,NULL,NULL,'2020-04-24 00:00:00','list 2','Artist Panel Talk',NULL,NULL,NULL,NULL,'<a class = \"reference_link\" href = \"www\">4-4</a><br>',NULL,NULL,NULL,NULL),(291,1,'2020-04-10 20:23:11','2020-04-21 22:11:15',NULL,'Melanie Hoff + Lin Ke',NULL,'melanie-hoff-lin-ke',NULL,NULL,NULL,NULL,NULL,NULL,NULL,'2020-05-01 00:00:00','list 2','Artist Panel Talk',NULL,NULL,NULL,NULL,'<a class = \"reference_link\" href = \"qwe\">6-11</a><br><a class = \"reference_link\" href = \"qqq\">6-12</a><br><a class = \"reference_link\" href = \"ww\">4-4</a><br>',NULL,NULL,NULL,1),(292,1,'2020-04-21 15:49:34','2020-04-21 16:15:40',NULL,'reading3',NULL,'reading3',NULL,NULL,NULL,NULL,NULL,NULL,NULL,'2020-01-13 00:00:00',NULL,NULL,NULL,NULL,NULL,NULL,'<a class = \"reference_link\" href = \"ccc\">reading3</a><br>',NULL,NULL,NULL,NULL),(293,0,'2020-04-21 15:49:34','2020-04-21 15:52:23',NULL,'reading2',NULL,'reading2',NULL,NULL,NULL,NULL,NULL,NULL,NULL,'2020-01-13 00:00:00',NULL,NULL,NULL,NULL,NULL,NULL,'<a class = \"reference_link\" href = \"bbb\">reading2</a><br>',NULL,NULL,294,NULL),(294,0,'2020-04-21 15:49:34','2020-04-21 17:51:14',NULL,'Test',NULL,'test',NULL,NULL,NULL,NULL,NULL,NULL,NULL,'2020-01-13 00:00:00','list 2','Gathering','6:30 EST',NULL,NULL,NULL,'<a class = \"reference_link\" href = \"bbb\">reading2</a><br><a class = \"reference_link\" href = \"ccc\">reading3</a><br><a class = \"reference_link\" href = \"ddd\">reading-4</a><br><a class = \"reference_link\" href = \"eee\">reading-6</a><br>',NULL,NULL,NULL,292),(295,1,'2020-04-21 17:51:41','2020-04-21 17:51:41',NULL,'reading1',NULL,'reading1',NULL,NULL,NULL,NULL,NULL,NULL,NULL,NULL,NULL,NULL,NULL,NULL,NULL,NULL,'<a class = \"reference_link\" href = \"aaa\">reading1</a><br>',NULL,NULL,297,NULL),(296,1,'2020-04-21 17:51:41','2020-04-21 17:53:28',NULL,'reading2',NULL,'296',NULL,NULL,NULL,NULL,NULL,NULL,NULL,NULL,NULL,NULL,NULL,NULL,NULL,NULL,'<a class = \"reference_link\" href = \"bbb\">reading2</a><br>',NULL,NULL,297,NULL),(297,0,'2020-04-21 17:51:41','2020-04-21 18:10:37',NULL,'test reading -1',NULL,'test-reading-1',NULL,NULL,NULL,NULL,NULL,NULL,NULL,NULL,'list 2','Artist Talk',NULL,NULL,NULL,NULL,'<a class = \"reference_link\" href = \"www\">rading -3</a><br>',NULL,NULL,NULL,0),(298,1,'2020-04-21 18:11:03','2020-04-21 18:11:03',NULL,'reading 2-1',NULL,'reading-2-1',NULL,NULL,NULL,NULL,NULL,NULL,NULL,NULL,NULL,NULL,NULL,NULL,NULL,NULL,'<a class = \"reference_link\" href = \"aaa\">reading 2-1</a><br>',NULL,NULL,300,NULL),(299,1,'2020-04-21 18:11:03','2020-04-21 18:11:03',NULL,'reading 2-2',NULL,'reading-2-2',NULL,NULL,NULL,NULL,NULL,NULL,NULL,NULL,NULL,NULL,NULL,NULL,NULL,NULL,'<a class = \"reference_link\" href = \"bbb\">reading 2-2</a><br>',NULL,NULL,300,NULL),(300,0,'2020-04-21 18:11:03','2020-04-21 18:14:39',NULL,'test reading -2',NULL,'test-reading-2',NULL,NULL,NULL,NULL,NULL,NULL,NULL,NULL,'list 2',NULL,NULL,NULL,NULL,NULL,NULL,NULL,NULL,NULL,NULL),(301,1,'2020-04-21 18:15:03','2020-04-21 18:15:03',NULL,'reading3-1',NULL,'reading3-1',NULL,NULL,NULL,NULL,NULL,NULL,NULL,NULL,NULL,NULL,NULL,NULL,NULL,NULL,'<a class = \"reference_link\" href = \"aaa\">reading3-1</a><br>',NULL,NULL,303,NULL),(302,1,'2020-04-21 18:15:03','2020-04-21 18:15:03',NULL,'reading3-2',NULL,'reading3-2',NULL,NULL,NULL,NULL,NULL,NULL,NULL,NULL,NULL,NULL,NULL,NULL,NULL,NULL,'<a class = \"reference_link\" href = \"bbb\">reading3-2</a><br>',NULL,NULL,303,NULL),(303,0,'2020-04-21 18:15:03','2020-04-21 18:28:25',NULL,'testreaing3',NULL,'testreaing3',NULL,NULL,NULL,NULL,NULL,NULL,NULL,NULL,'list 2',NULL,NULL,NULL,NULL,NULL,NULL,NULL,NULL,NULL,0),(304,1,'2020-04-21 18:29:04','2020-04-21 18:29:04',NULL,'4-1',NULL,'4-1',NULL,NULL,NULL,NULL,NULL,NULL,NULL,NULL,NULL,NULL,NULL,NULL,NULL,NULL,'<a class = \"reference_link\" href = \"aaa\">4-1</a><br>',NULL,NULL,308,NULL),(305,1,'2020-04-21 18:29:04','2020-04-21 18:29:04',NULL,'4-2',NULL,'4-2',NULL,NULL,NULL,NULL,NULL,NULL,NULL,NULL,NULL,NULL,NULL,NULL,NULL,NULL,'<a class = \"reference_link\" href = \"bbb\">4-2</a><br>',NULL,NULL,308,NULL),(306,1,'2020-04-21 18:29:04','2020-04-21 18:29:04',NULL,'4-3',NULL,'4-3',NULL,NULL,NULL,NULL,NULL,NULL,NULL,NULL,NULL,NULL,NULL,NULL,NULL,NULL,'<a class = \"reference_link\" href = \"ccc\">4-3</a><br>',NULL,NULL,308,NULL),(307,0,'2020-04-21 18:29:04','2020-04-21 22:11:15',NULL,'4-4',NULL,'4-4',NULL,NULL,NULL,NULL,NULL,NULL,NULL,NULL,NULL,NULL,NULL,NULL,NULL,NULL,'<a class = \"reference_link\" href = \"ddd\">4-4</a><br>',NULL,NULL,290,NULL),(308,0,'2020-04-21 18:29:04','2020-04-21 18:36:19',NULL,'readingtest4',NULL,'readingtest4',NULL,NULL,NULL,NULL,NULL,NULL,NULL,NULL,'list 2',NULL,NULL,NULL,NULL,NULL,'<a class = \"reference_link\" href = \"bbb\">4-2</a><br><a class = \"reference_link\" href = \"ccc\">4-3</a><br><a class = \"reference_link\" href = \"ddd\">4-4</a><br>',NULL,NULL,NULL,NULL),(309,1,'2020-04-21 18:36:44','2020-04-21 18:36:44',NULL,'5-1',NULL,'5-1',NULL,NULL,NULL,NULL,NULL,NULL,NULL,NULL,NULL,NULL,NULL,NULL,NULL,NULL,'<a class = \"reference_link\" href = \"aaa\">5-1</a><br>',NULL,NULL,313,NULL),(310,1,'2020-04-21 18:36:44','2020-04-21 18:36:44',NULL,'5-2',NULL,'5-2',NULL,NULL,NULL,NULL,NULL,NULL,NULL,NULL,NULL,NULL,NULL,NULL,NULL,NULL,'<a class = \"reference_link\" href = \"bbb\">5-2</a><br>',NULL,NULL,313,NULL),(311,1,'2020-04-21 18:36:44','2020-04-21 18:36:44',NULL,'5-3',NULL,'5-3',NULL,NULL,NULL,NULL,NULL,NULL,NULL,NULL,NULL,NULL,NULL,NULL,NULL,NULL,'<a class = \"reference_link\" href = \"ccc\">5-3</a><br>',NULL,NULL,313,NULL),(312,1,'2020-04-21 18:36:44','2020-04-21 18:36:44',NULL,'5-4',NULL,'5-4',NULL,NULL,NULL,NULL,NULL,NULL,NULL,NULL,NULL,NULL,NULL,NULL,NULL,NULL,'<a class = \"reference_link\" href = \"ddd\">5-4</a><br>',NULL,NULL,313,NULL),(313,0,'2020-04-21 18:36:44','2020-04-21 18:51:00',NULL,'readingtest5',NULL,'readingtest5',NULL,NULL,NULL,NULL,NULL,NULL,NULL,NULL,'list 2',NULL,NULL,NULL,NULL,NULL,'<a class = \"reference_link\" href = \"ccc\">5-3</a><br><a class = \"reference_link\" href = \"ddd\">5-4</a><br>',NULL,NULL,NULL,NULL),(314,1,'2020-04-21 18:51:26','2020-04-21 19:32:32',NULL,'6-1',NULL,'6-1',NULL,NULL,NULL,NULL,NULL,NULL,NULL,NULL,NULL,NULL,NULL,NULL,NULL,NULL,'<a class = \"reference_link\" href = \"aaa\">6-1</a><br>',NULL,NULL,0,NULL),(315,1,'2020-04-21 18:51:26','2020-04-21 19:33:36',NULL,'6-2',NULL,'6-2',NULL,NULL,NULL,NULL,NULL,NULL,NULL,NULL,NULL,NULL,NULL,NULL,NULL,NULL,'<a class = \"reference_link\" href = \"bbb\">6-2</a><br>',NULL,NULL,0,NULL),(316,1,'2020-04-21 18:51:26','2020-04-21 19:39:11',NULL,'6-3',NULL,'6-3',NULL,NULL,NULL,NULL,NULL,NULL,NULL,NULL,NULL,NULL,NULL,NULL,NULL,NULL,'<a class = \"reference_link\" href = \"ccc\">6-3</a><br>',NULL,NULL,NULL,NULL),(317,0,'2020-04-21 18:51:26','2020-04-21 22:01:29',NULL,'rt6w',NULL,'rt6',NULL,NULL,NULL,NULL,NULL,NULL,NULL,NULL,'list 2',NULL,NULL,NULL,NULL,NULL,'<a class = \"reference_link\" href = \"666\">reading 6-6</a><br><a class = \"reference_link\" href = \"777\">6-7</a><br><a class = \"reference_link\" href = \"888\">6-8</a><br><a class = \"reference_link\" href = \"999\">6-9</a><br><a class = \"reference_link\" href = \"191919\">6-10</a><br><a class = \"reference_link\" href = \"qwe\">6-11</a><br><a class = \"reference_link\" href = \"qqq\">6-12</a><br><a class = \"reference_link\" href = \"qqq\">6-15</a><br>',NULL,NULL,NULL,318),(318,1,'2020-04-21 20:47:31','2020-04-21 22:01:29',NULL,NULL,NULL,NULL,NULL,NULL,NULL,NULL,NULL,NULL,NULL,NULL,NULL,NULL,NULL,NULL,NULL,NULL,NULL,NULL,NULL,0,NULL),(319,1,'2020-04-21 20:52:47','2020-04-21 22:01:29',NULL,'6-7',NULL,'6-7',NULL,NULL,NULL,NULL,NULL,NULL,NULL,NULL,NULL,NULL,NULL,NULL,NULL,NULL,'<a class = \"reference_link\" href = \"7\">7</a><br><a class = \"reference_link\" href = \"-\">6</a><br>',NULL,NULL,0,NULL),(320,1,'2020-04-21 20:53:51','2020-04-21 22:01:29',NULL,'6-8',NULL,'6-8',NULL,NULL,NULL,NULL,NULL,NULL,NULL,NULL,NULL,NULL,NULL,NULL,NULL,NULL,'<a class = \"reference_link\" href = \"8\">8</a><br><a class = \"reference_link\" href = \"-\">6</a><br>',NULL,NULL,0,NULL),(321,1,'2020-04-21 20:59:21','2020-04-21 22:01:29',NULL,'6-9',NULL,'6-9',NULL,NULL,NULL,NULL,NULL,NULL,NULL,NULL,NULL,NULL,NULL,NULL,NULL,NULL,'<a class = \"reference_link\" href = \"9\">9</a><br><a class = \"reference_link\" href = \"-\">6</a><br>',NULL,NULL,0,NULL),(322,1,'2020-04-21 20:59:59','2020-04-21 22:01:29',NULL,'6-10',NULL,'6-10',NULL,NULL,NULL,NULL,NULL,NULL,NULL,NULL,NULL,NULL,NULL,NULL,NULL,NULL,'<a class = \"reference_link\" href = \"9\">1</a><br><a class = \"reference_link\" href = \"-\">6</a><br>',NULL,NULL,0,NULL),(323,1,'2020-04-21 21:01:34','2020-04-21 22:01:29',NULL,'6-11',NULL,'6-11',NULL,NULL,NULL,NULL,NULL,NULL,NULL,NULL,NULL,NULL,NULL,NULL,NULL,NULL,'<a class = \"reference_link\" href = \"w\">q</a><br><a class = \"reference_link\" href = \"-\">6</a><br>',NULL,NULL,0,NULL),(324,1,'2020-04-21 21:03:18','2020-04-21 22:01:29',NULL,'6-12',NULL,'6-12',NULL,NULL,NULL,NULL,NULL,NULL,NULL,NULL,NULL,NULL,NULL,NULL,NULL,NULL,'<a class = \"reference_link\" href = \"q\">q</a><br><a class = \"reference_link\" href = \"-\">6</a><br>',NULL,NULL,0,NULL),(325,1,'2020-04-21 21:05:59','2020-04-21 21:07:24',NULL,'6-13',NULL,'6-13',NULL,NULL,NULL,NULL,NULL,NULL,NULL,NULL,NULL,NULL,NULL,NULL,NULL,NULL,'<a class = \"reference_link\" href = \"3\">1</a><br><a class = \"reference_link\" href = \"-\">6</a><br>',NULL,NULL,NULL,NULL),(326,1,'2020-04-21 21:22:47','2020-04-21 21:24:16',NULL,'1313',NULL,'1313',NULL,NULL,NULL,NULL,NULL,NULL,NULL,NULL,NULL,NULL,NULL,NULL,NULL,NULL,'<a class = \"reference_link\" href = \"1313\">6-13</a><br>',NULL,NULL,NULL,NULL),(327,1,'2020-04-21 21:24:16','2020-04-21 21:25:25',NULL,'ccc',NULL,'ccc',NULL,NULL,NULL,NULL,NULL,NULL,NULL,NULL,NULL,NULL,NULL,NULL,NULL,NULL,'<a class = \"reference_link\" href = \"ccc\">6-14</a><br>',NULL,NULL,NULL,NULL),(328,1,'2020-04-21 21:25:25','2020-04-21 22:01:29',NULL,'6-15',NULL,'6-15',NULL,NULL,NULL,NULL,NULL,NULL,NULL,NULL,NULL,NULL,NULL,NULL,NULL,NULL,'<a class = \"reference_link\" href = \"qqq\">6-15</a><br>',NULL,NULL,NULL,NULL),(329,1,'2020-04-21 21:29:45','2020-04-21 21:30:48',NULL,'6-15',NULL,'6-15',NULL,NULL,NULL,NULL,NULL,NULL,NULL,NULL,NULL,NULL,NULL,NULL,NULL,NULL,'<a class = \"reference_link\" href = \"ccc\">6-15</a><br>',NULL,NULL,NULL,NULL),(330,1,'2020-04-28 13:08:57','2020-04-28 13:21:45',10,'Artist Index',NULL,'artist-index',NULL,NULL,NULL,NULL,NULL,NULL,NULL,NULL,'list 2',NULL,NULL,NULL,NULL,NULL,NULL,NULL,NULL,NULL,NULL),(331,1,'2020-04-28 13:18:20','2020-04-28 13:22:07',15,'About',NULL,'about',NULL,NULL,NULL,NULL,NULL,NULL,NULL,NULL,'list 2',NULL,NULL,NULL,NULL,NULL,NULL,NULL,NULL,NULL,NULL),(332,1,'2020-04-28 17:44:12','2020-04-28 17:46:09',NULL,'Tianzhuo Chen',NULL,'tianzhuo-chen',NULL,NULL,NULL,NULL,NULL,NULL,NULL,NULL,NULL,NULL,NULL,_binary 'Tianzhuo Chen’s practices encompass performance, photography, installations, video and painting. Focusing on the participatory aspects of his works, the results of his works become ritualistic collaborations between the audience and himself. Chen utilizes “elements and symbols found in religion, subculture, pop culture and dance”, with the intend to transcend beyond “the superficial states of the body and spirit”.(k11artfoundation) His strong, unique visual languages enable his practices to push against any previously established parameters.&nbsp;<br>','<a class = \"reference_link\" href = \"http://tianzhuochen.com/\">website</a><br>',NULL,NULL,NULL,NULL,NULL,NULL),(333,1,'2020-04-28 20:10:56','2020-04-28 20:11:28',NULL,'Hsu Che-Yu',NULL,'hsu-che-yu',NULL,NULL,NULL,NULL,NULL,NULL,NULL,NULL,'list 2',NULL,NULL,_binary 'Hsu Che-Yu is an visual artist based in Taipei. He earned his master degree from the Graduate Institute of Plastic Arts, Tainan National University of the Arts.&nbsp;Hsu’s artistic practices utilize animation, video and installation to explore how memories are being perceived. He has a special interest in the reconstruction of past memories and events, whether is intimate moments or collective&nbsp;histories. Hsu’s videos illustrate our process of identifying our surroundings through interpretations of memories.<br>',NULL,NULL,NULL,NULL,NULL,NULL,NULL),(334,1,'2020-04-29 13:17:59','2020-04-29 13:20:06',NULL,'Aojie Lin',NULL,'aojie-lin',NULL,NULL,NULL,NULL,NULL,_binary 'Tag 1, Tag 2',NULL,NULL,'list 2',NULL,NULL,_binary 'Aojie Lin currently lives and works in Guangzhou. Most of his works&nbsp; draw inspirations from the mundane every experiences. Lin’s practices involve video, photography, drawing and text, feature acute sensibilities towards spontaneities and humors. Lin’s works are provocative in a sense that they covers concerns relating “the disjuncture between art and capitalism, annoyance with an artist’s social responsibilities, even frustration with his own ambition.” (ArtAisaPacific) His voice are expressed through mockery of those daily narrations.<br>',NULL,NULL,NULL,NULL,NULL,NULL,NULL),(335,1,'2020-04-29 13:22:18','2020-04-29 13:54:28',NULL,'Ni Youyu',NULL,'ni-youyu',NULL,NULL,NULL,NULL,NULL,NULL,NULL,NULL,'list 2',NULL,NULL,_binary 'Ni Youyu is a shanghai based multidisciplinary artist. “Viewing Ni Youyu’s work often leaves one with a spatial and temporal illusion.” Most of his art making process requires significant duration and and “go through a degree of uncertainty from gestation to completion.” His works are sometimes positioned apart from the realm of “contemporary art”, as the manner of artisans is deeply embed in his process.The nature of Ni’s works makes it hard for him to “produce works according to an exhibition theme in the manner of a modern artist.” (Perrotin New York)<br>','<a class = \"reference_link\" href = \"https://www.niyouyu.com/\">website</a><br>',NULL,NULL,NULL,NULL,NULL,NULL),(336,1,'2020-04-29 13:52:10','2020-04-29 13:52:10',NULL,'Lu Pingyuan',NULL,'lu-pingyuan',NULL,NULL,NULL,NULL,NULL,NULL,NULL,NULL,'list 2',NULL,NULL,_binary 'Lu Pingyuan lives and works in Shanghai. His works have specific interests in texts and fictional writings. Lu incorporates huge amount of nonlinear fictional stories into his practices, and text is considered one of his most frequently used medium. The unexpected, bizarre, and surrealistic writings of Lu provide viewers a glimpse into his contracted context. The writings challenge the boundaries between fantasies and physical realities, redefine the possible state of being of an artwork.<br>',NULL,NULL,NULL,NULL,NULL,NULL,NULL),(337,1,'2020-04-29 13:54:47','2020-04-29 14:18:48',NULL,'Jiehao Su',NULL,'jiehao-su',NULL,NULL,NULL,NULL,NULL,NULL,NULL,NULL,'list 2',NULL,NULL,_binary 'Jiehao Su is an artists working primarily with photography, video, text, and spatial installation. He was born in Guangdong, China and now based in Rhode Island. “He is particularly interested in the poetics and politics of everyday situations, the mediated reality in contemporary society, as well as the physical and metaphysical aspects of the world.”&nbsp;(<a href=\"http://jiehaosu.com\">jiehaosu.com</a>) Su’s practices employ an cinematic approach to explore “the notions of temporality and spatiality in the structure of narrative.”<br>','<a class = \"reference_link\" href = \"https://jiehaosu.com/\">website</a><br>','<a class = \"reference_link\" href = \"(url)\">show</a><br>',NULL,NULL,NULL,NULL,NULL),(338,1,'2020-04-29 13:55:33','2020-04-29 13:55:33',NULL,'Ke peng',NULL,'ke-peng',NULL,NULL,NULL,NULL,NULL,NULL,NULL,NULL,'list 2',NULL,NULL,_binary 'Ke peng is a Los Angeles based photographer. She was born in Changsha and received her BFA in photography from Rhode Island School of Design. Ke’s works pay close attentions to the subtle connections between things, with an septic focus on the “distinctions within similarity”.<br>Her recent works explore the “colourful corners of China’s smaller cities”, (British Journal of Photography) feature a distinctive approach to observe those overly repetitive, familiar spaces.<br>','<a class = \"reference_link\" href = \"http://pengke.studio/\">pengke.studio</a><br>',NULL,NULL,NULL,NULL,NULL,NULL),(339,1,'2020-04-29 13:56:05','2020-04-29 13:56:05',NULL,'Mountain River Jump!',NULL,'mountain-river-jump',NULL,NULL,NULL,NULL,NULL,NULL,NULL,NULL,'list 2',NULL,NULL,_binary '“Mountain River Jump! is an artist duo founded in 2016 by twin sisters Huang Shan and Huang He, who were born in 1985. The duo has a variety of creative formats in art, often applying \"divination consulting\" as a performance to examine the potential of such art medium, and to interact with the audience at the intrinsic level. With their studies into Oriental mysticism and folklore, the artists pry open the topics of identity politics, labor issues, feminism, life politics, modernity and others. They pay attention to the embodiment of mythological clues in a daily context, attempting to carry out \"psychoanalysis\" of the reality, and reflecting on the materialist culture within modern China and its psychological status. Huang Shan and Huang He presently works and lives in Foshan, Guangdong.” (yellowriver1985.com)<br>',NULL,NULL,NULL,NULL,NULL,NULL,NULL),(340,1,'2020-04-29 13:57:07','2020-04-29 13:57:07',NULL,'Tao Hui',NULL,'tao-hui',NULL,NULL,NULL,NULL,NULL,NULL,NULL,NULL,'list 2',NULL,NULL,_binary 'Tao Hui lives and works in Beijing. He graduated from Sichuan Academy of Art with a painting degrees and now works as an installation based artist.&nbsp; Tao Hui’s video works draw inspirations from both personal memories and cultural characteristics (TV series, comedy shows and&nbsp; folklores),&nbsp; illustrates our processes of self-identification under constructed narrations. His prattles covers a variety of topic social identity. cultural crisis and&nbsp; gender identity. Tao’s self-established narratives are metaphorically relate to the cultural context of contemporary societies. The absurdities in his works are employed in a provocative manner.&nbsp;<br>',NULL,NULL,NULL,NULL,NULL,NULL,NULL),(341,1,'2020-04-29 13:57:58','2020-04-29 13:57:58',NULL,'Aaajiao',NULL,'aaajiao',NULL,NULL,NULL,NULL,NULL,NULL,NULL,NULL,'list 2',NULL,NULL,_binary '“Active online as a media artist, blogger, activist and programmer, aaajiao is the virtual persona of Shanghai- and Berlin- artist Xu Wenkai. Born in 1984—the title of George Orwell’s classic allegorical novel— and in one of China’s oldest cities, Xi’an, aaajiao’s art and works are marked by a strong dystopian awareness, literati spirits and sophistication. Many of aaajiao’s works speak to new thinkings, controversies and phenomenon around the Internet, with specific projects focusing on the processing of data, the blogsphere and China’s Great Fire Wall.” ( <a href=\"https://eventstructure.com/aaajiao\">https://eventstructure.com/aaajiao</a>)<br>',NULL,NULL,NULL,NULL,NULL,NULL,NULL),(342,1,'2020-04-29 13:58:20','2020-04-29 13:58:20',NULL,'Guan Xiao',NULL,'guan-xiao',NULL,NULL,NULL,NULL,NULL,NULL,NULL,NULL,'list 2',NULL,NULL,_binary 'Guan Xiao’s practices involve sculptures and video arts. She currently works in Beijing.&nbsp;<br>Her works actively explores cultural histories to identify their impacts on contemporary cultures, serving as a juxtaposition of the past and future. Guan’s sculptures pay close attentions to forms and materials that resembles life,&nbsp; including animal shells, scales and plant roots. “Her comparisons of regionally and chronologically disparate objects expose similarities among civilizations, regions, and eras while avoiding solid conclusions.”(<a href=\"http://artsy.net\">artsy.net</a>) Humors and resistances are well-integrated into her explorations.<br>',NULL,NULL,NULL,NULL,NULL,NULL,NULL),(343,1,'2020-04-29 13:58:37','2020-04-29 13:58:37',NULL,'Yang Jian',NULL,'yang-jian',NULL,NULL,NULL,NULL,NULL,NULL,NULL,NULL,'list 2',NULL,NULL,_binary 'Yang Jian is a curator and artist works based in Beijing. His practices encompass installation, video and performance. Yang casts doubts on the mundane everyday objects to speak against their functionalities. Contradictory and absurd statements&nbsp; are made out of his unexpected combinations of materials. The unplanned metaphors embodied in his sculptures speak aginst the established everyday logics. His works, embrace a calm and poetic manner, detach the chosen objects from their original cultural context.&nbsp;<br>',NULL,NULL,NULL,NULL,NULL,NULL,NULL),(344,1,'2020-04-29 13:58:54','2020-04-29 13:58:54',NULL,'Zhao Zhao',NULL,'zhao-zhao',NULL,NULL,NULL,NULL,NULL,NULL,NULL,NULL,'list 2',NULL,NULL,_binary '“Zhao Zhao was born in Xinjiang, China, in 1982. He graduated with a BFA from the Xinjiang Institute of Arts from the department of Oil Painting in 2003. Zhao Zhao’s multidisciplinary body of work is an inspection of China’s contemporary profile, and the socio-political consequences of individual human action. His abstract shattered glass paintings reveal a car accident he was involved in, and represents the ripple effect of action; his “Safe” sculptures substantiate his fellow citizens’ paranoid views on security.” (Chambers Fine Art) With confronting and bold commentaries on politics, His works challenges the traditions of social norms, indicates his unique opinions on Anarchism and anti-authoritarian.<br>',NULL,NULL,NULL,NULL,NULL,NULL,NULL),(345,1,'2020-04-29 13:59:13','2020-04-29 13:59:13',NULL,'Guo Cheng',NULL,'guo-cheng',NULL,NULL,NULL,NULL,NULL,NULL,NULL,NULL,'list 2',NULL,NULL,_binary 'Guo Cheng has a background of industrial and product design, currently lives and works in Shanghai. His art practices encompass installation, video and performance. Guo’s works examine the influences of booming technologies on our social and cultural awarenesses, as well as social interactions of individuals. Constructed machineries are important component of Guo’s installation. His works propose fictional imaginations of body extensions, in order to interpret how technologies cast influence on our day to day life.&nbsp;<br>',NULL,NULL,NULL,NULL,NULL,NULL,NULL),(346,1,'2020-04-29 13:59:35','2020-04-29 13:59:35',NULL,'Weiyi Li',NULL,'weiyi-li',NULL,NULL,NULL,NULL,NULL,NULL,NULL,NULL,'list 2',NULL,NULL,_binary '“Weiyi Li is an artist weiyi.li, designer weiyiandfriends.com, curator bigbadgallery.com, publisher re-publication.com and retailor currently-available.com who lives and works between these five URLs.”(wiyi.li) Li has a text-based approach with her art practices. Her works re-interpret the collected texts and daily objects and reassign them to the viewers. The original functionalities of those chosen objects are altered by artist\'s objective understandings, which lead to intriguing associations.<br>',NULL,NULL,NULL,NULL,NULL,NULL,NULL),(347,1,'2020-04-29 14:00:09','2020-04-29 14:00:09',NULL,'Luka Yuanyuan Yang',NULL,'luka-yuanyuan-yang',NULL,NULL,NULL,NULL,NULL,NULL,NULL,NULL,'list 2',NULL,NULL,_binary '“ Luka Yuanyuan Yang graduated from London College of Communications, University of the Arts London with a BA (hons) in photography. She currently lives and works in Beijing, San Francisco or New York. Most of the time, Luka Yuanyuan Yang’s projects take the research and collected historical materials as the departure, and they evolve along with individual experiences relate to specific places. By creating narratives where facts and fiction coexist, she challenges the rigid and conventional interpretation of history and gives voices to subjects that have been forgotten, silenced, and misinterpreted. Yang creates visual narrative through photography, writings, video, artist books and performance.<br>','<a class = \"reference_link\" href = \"ocula.com\">website</a><br>',NULL,NULL,NULL,NULL,NULL,NULL),(348,1,'2020-04-29 14:00:36','2020-04-29 14:00:36',NULL,'Shen Xin',NULL,'shen-xin',NULL,NULL,NULL,NULL,NULL,NULL,NULL,NULL,NULL,NULL,NULL,_binary 'Shen Xin lives and works in London and Amsterdam. “ Through images and events, Shen explores emotions, value judgements and ethics that circulate through individual and collective subjects.” (k11artfoundation) Her recent project explores Buddhism under the context of western communities, with specific focus on the existing conflicts between Buddhism beliefs and&nbsp;patriarchal&nbsp;societies.<br>',NULL,NULL,NULL,NULL,NULL,NULL,NULL);
/*!40000 ALTER TABLE `objects` ENABLE KEYS */;
UNLOCK TABLES;

--
-- Table structure for table `wires`
--

DROP TABLE IF EXISTS `wires`;
/*!40101 SET @saved_cs_client     = @@character_set_client */;
/*!40101 SET character_set_client = utf8 */;
CREATE TABLE `wires` (
  `id` int(10) unsigned NOT NULL AUTO_INCREMENT,
  `active` int(1) unsigned NOT NULL DEFAULT '1',
  `created` datetime DEFAULT NULL,
  `modified` datetime DEFAULT NULL,
  `fromid` int(10) unsigned DEFAULT NULL,
  `toid` int(10) unsigned DEFAULT NULL,
  `weight` float NOT NULL DEFAULT '1',
  `notes` blob,
  PRIMARY KEY (`id`)
) ENGINE=InnoDB AUTO_INCREMENT=230 DEFAULT CHARSET=utf8;
/*!40101 SET character_set_client = @saved_cs_client */;

--
-- Dumping data for table `wires`
--

LOCK TABLES `wires` WRITE;
/*!40000 ALTER TABLE `wires` DISABLE KEYS */;
INSERT INTO `wires` VALUES (1,0,'2020-03-04 11:04:37','2020-03-13 20:03:17',0,1,1,NULL),(2,0,'2020-03-04 11:35:54','2020-03-04 11:38:23',0,2,1,NULL),(3,0,'2020-03-04 11:36:09','2020-03-04 11:38:18',0,3,1,NULL),(4,1,'2020-03-04 11:38:06','2020-03-04 11:38:06',0,4,1,NULL),(5,0,'2020-03-04 11:38:33','2020-03-04 11:46:48',4,5,1,NULL),(6,0,'2020-03-04 11:38:47','2020-03-04 11:46:43',4,6,1,NULL),(7,0,'2020-03-04 11:46:32','2020-03-04 11:55:50',4,7,1,NULL),(8,0,'2020-03-04 11:54:32','2020-04-03 15:23:29',4,8,1,NULL),(9,0,'2020-03-04 11:54:43','2020-03-04 11:54:58',0,9,1,NULL),(10,1,'2020-03-04 11:55:25','2020-03-04 11:55:25',4,10,1,NULL),(11,1,'2020-03-04 11:56:19','2020-03-04 11:56:19',8,11,1,NULL),(12,1,'2020-03-04 11:56:58','2020-03-04 11:56:58',8,12,1,NULL),(13,0,'2020-03-04 13:27:13','2020-03-22 15:40:30',8,13,1,NULL),(14,1,'2020-03-04 13:30:50','2020-03-04 13:30:50',8,14,1,NULL),(15,1,'2020-03-07 14:44:29','2020-03-07 14:44:29',10,15,1,NULL),(16,0,'2020-03-07 14:45:19','2020-03-07 14:57:44',15,16,1,NULL),(17,1,'2020-03-07 14:48:33','2020-03-07 14:48:33',10,17,1,NULL),(18,0,'2020-03-08 03:44:33','2020-03-20 17:22:34',8,18,1,NULL),(19,1,'2020-03-11 21:03:03','2020-03-11 21:03:03',10,20,1,NULL),(20,1,'2020-03-11 21:03:39','2020-03-11 21:03:39',10,21,1,NULL),(21,1,'2020-03-11 21:04:11','2020-03-11 21:04:11',8,22,1,NULL),(22,0,'2020-03-20 17:22:21','2020-03-20 17:25:28',8,23,1,NULL),(23,0,'2020-03-20 17:34:19','2020-03-22 15:40:23',8,24,1,NULL),(24,0,'2020-03-20 17:57:42','2020-03-20 17:58:47',24,25,1,NULL),(25,0,'2020-03-20 19:33:57','2020-03-20 19:35:01',24,26,1,NULL),(26,1,'2020-03-22 13:46:30','2020-03-22 13:46:30',0,27,1,NULL),(27,1,'2020-03-22 15:09:25','2020-03-22 15:09:25',8,32,1,NULL),(125,0,'2020-03-22 17:28:58','2020-04-03 15:23:23',8,183,1,NULL),(126,0,'2020-03-22 17:28:58','2020-04-03 15:32:03',27,184,1,NULL),(127,0,'2020-03-22 17:28:58','2020-04-03 15:32:09',27,185,1,NULL),(128,0,'2020-03-22 17:28:58','2020-04-03 15:32:13',27,186,1,NULL),(129,0,'2020-04-02 22:45:48','2020-04-02 23:00:23',8,187,1,NULL),(130,0,'2020-04-02 22:52:49','2020-04-02 23:00:28',8,188,1,NULL),(131,0,'2020-04-02 23:00:09','2020-04-02 23:00:31',8,189,1,NULL),(132,0,'2020-04-02 23:00:09','2020-04-02 23:00:35',8,190,1,NULL),(133,1,'2020-04-02 23:00:10','2020-04-02 23:00:10',8,191,1,NULL),(134,1,'2020-04-02 23:19:51','2020-04-02 23:19:51',8,211,1,NULL),(135,0,'2020-04-02 23:19:51','2020-04-15 21:37:30',27,209,1,NULL),(136,0,'2020-04-02 23:19:51','2020-04-15 21:37:54',27,210,1,NULL),(137,0,'2020-04-03 15:24:02','2020-04-03 15:25:53',4,212,1,NULL),(138,0,'2020-04-03 15:29:29','2020-04-03 15:30:19',4,213,1,NULL),(139,0,'2020-04-03 15:30:13','2020-04-03 15:30:36',4,214,1,NULL),(140,1,'2020-04-03 15:30:49','2020-04-03 15:30:49',4,215,1,NULL),(141,0,'2020-04-03 15:31:54','2020-04-21 15:47:33',215,218,1,NULL),(142,0,'2020-04-03 15:31:54','2020-04-15 21:37:38',27,216,1,NULL),(143,0,'2020-04-03 15:31:54','2020-04-15 21:37:57',27,217,1,NULL),(144,0,'2020-04-03 16:23:18','2020-04-21 15:50:00',215,221,1,NULL),(145,0,'2020-04-03 16:23:18','2020-04-15 21:38:05',27,219,1,NULL),(146,0,'2020-04-03 16:23:18','2020-04-15 21:38:10',27,220,1,NULL),(147,0,'2020-04-03 16:28:28','2020-04-03 17:44:32',221,228,1,NULL),(148,0,'2020-04-03 16:28:28','2020-04-15 21:37:34',27,226,1,NULL),(149,0,'2020-04-03 16:28:28','2020-04-15 21:37:50',27,227,1,NULL),(150,0,'2020-04-03 16:28:51','2020-04-03 16:31:48',215,231,1,NULL),(151,0,'2020-04-03 16:28:51','2020-04-15 21:37:23',27,229,1,NULL),(152,0,'2020-04-03 16:28:51','2020-04-15 21:37:18',27,230,1,NULL),(153,0,'2020-04-03 16:32:09','2020-04-03 16:35:20',215,233,1,NULL),(154,0,'2020-04-03 16:32:09','2020-04-15 21:37:43',27,232,1,NULL),(155,0,'2020-04-03 16:33:55','2020-04-03 16:35:16',215,235,1,NULL),(156,0,'2020-04-03 16:33:55','2020-04-15 21:37:47',27,234,1,NULL),(157,0,'2020-04-03 16:35:39','2020-04-03 20:02:04',215,238,1,NULL),(158,0,'2020-04-03 16:35:39','2020-04-15 21:37:11',27,236,1,NULL),(159,0,'2020-04-03 16:35:39','2020-04-15 21:37:27',27,237,1,NULL),(160,0,'2020-04-03 17:45:08','2020-04-03 18:21:09',215,243,1,NULL),(161,0,'2020-04-03 17:45:08','2020-04-15 21:37:07',27,241,1,NULL),(162,0,'2020-04-03 17:45:08','2020-04-15 21:37:15',27,242,1,NULL),(163,0,'2020-04-03 18:21:27','2020-04-03 20:02:35',215,274,1,NULL),(164,1,'2020-04-03 19:10:03','2020-04-03 19:10:03',27,0,1,NULL),(165,1,'2020-04-03 19:19:24','2020-04-03 19:19:24',27,0,1,NULL),(166,0,'2020-04-03 19:56:20','2020-04-28 13:18:10',0,285,1,NULL),(167,1,'2020-04-03 20:02:50','2020-04-03 20:02:50',27,286,1,NULL),(168,1,'2020-04-03 20:02:50','2020-04-03 20:02:50',27,0,1,NULL),(169,0,'2020-04-03 20:03:29','2020-04-15 21:38:13',27,287,1,NULL),(170,1,'2020-04-03 20:03:29','2020-04-03 20:03:29',27,0,1,NULL),(171,1,'2020-04-08 12:22:52','2020-04-08 12:22:52',285,288,1,NULL),(172,1,'2020-04-10 20:18:25','2020-04-10 20:18:25',215,289,1,NULL),(173,1,'2020-04-10 20:20:10','2020-04-10 20:20:10',215,290,1,NULL),(174,1,'2020-04-10 20:23:11','2020-04-10 20:23:11',215,291,1,NULL),(175,0,'2020-04-21 15:49:34','2020-04-21 17:51:14',215,294,1,NULL),(176,1,'2020-04-21 15:49:34','2020-04-21 15:49:34',27,292,1,NULL),(177,0,'2020-04-21 15:49:34','2020-04-21 15:52:23',27,293,1,NULL),(178,1,'2020-04-21 15:51:47','2020-04-21 15:51:47',27,0,1,NULL),(179,1,'2020-04-21 15:53:21','2020-04-21 15:53:21',27,0,1,NULL),(180,1,'2020-04-21 17:00:44','2020-04-21 17:00:44',27,0,1,NULL),(181,0,'2020-04-21 17:51:41','2020-04-21 18:10:37',215,297,1,NULL),(182,1,'2020-04-21 17:51:41','2020-04-21 17:51:41',27,295,1,NULL),(183,1,'2020-04-21 17:51:41','2020-04-21 17:51:41',27,296,1,NULL),(184,0,'2020-04-21 18:11:03','2020-04-21 18:14:39',215,300,1,NULL),(185,1,'2020-04-21 18:11:03','2020-04-21 18:11:03',27,298,1,NULL),(186,1,'2020-04-21 18:11:03','2020-04-21 18:11:03',27,299,1,NULL),(187,0,'2020-04-21 18:15:03','2020-04-21 18:28:25',215,303,1,NULL),(188,1,'2020-04-21 18:15:03','2020-04-21 18:15:03',27,301,1,NULL),(189,1,'2020-04-21 18:15:03','2020-04-21 18:15:03',27,302,1,NULL),(190,0,'2020-04-21 18:29:04','2020-04-21 18:36:19',215,308,1,NULL),(191,1,'2020-04-21 18:29:04','2020-04-21 18:29:04',27,304,1,NULL),(192,1,'2020-04-21 18:29:04','2020-04-21 18:29:04',27,305,1,NULL),(193,1,'2020-04-21 18:29:04','2020-04-21 18:29:04',27,306,1,NULL),(194,0,'2020-04-21 18:29:04','2020-04-21 22:11:15',27,307,1,NULL),(195,0,'2020-04-21 18:36:44','2020-04-21 18:51:00',215,313,1,NULL),(196,1,'2020-04-21 18:36:44','2020-04-21 18:36:44',27,309,1,NULL),(197,1,'2020-04-21 18:36:44','2020-04-21 18:36:44',27,310,1,NULL),(198,1,'2020-04-21 18:36:44','2020-04-21 18:36:44',27,311,1,NULL),(199,1,'2020-04-21 18:36:44','2020-04-21 18:36:44',27,312,1,NULL),(200,0,'2020-04-21 18:51:26','2020-04-21 22:01:29',215,317,1,NULL),(201,1,'2020-04-21 18:51:26','2020-04-21 18:51:26',27,314,1,NULL),(202,1,'2020-04-21 18:51:26','2020-04-21 18:51:26',27,315,1,NULL),(203,1,'2020-04-21 18:51:26','2020-04-21 18:51:26',27,316,1,NULL),(204,1,'2020-04-21 21:01:34','2020-04-21 21:01:34',27,323,1,NULL),(205,1,'2020-04-21 21:03:18','2020-04-21 21:03:18',27,324,1,NULL),(206,1,'2020-04-21 21:05:59','2020-04-21 21:05:59',27,325,1,NULL),(207,1,'2020-04-21 21:22:47','2020-04-21 21:22:47',27,326,1,NULL),(208,1,'2020-04-21 21:24:16','2020-04-21 21:24:16',27,327,1,NULL),(209,1,'2020-04-21 21:25:25','2020-04-21 21:25:25',27,328,1,NULL),(210,1,'2020-04-21 21:29:45','2020-04-21 21:29:45',27,329,1,NULL),(211,1,'2020-04-28 13:08:57','2020-04-28 13:08:57',0,330,1,NULL),(212,1,'2020-04-28 13:18:20','2020-04-28 13:18:20',0,331,1,NULL),(213,1,'2020-04-28 17:44:12','2020-04-28 17:44:12',330,332,1,NULL),(214,1,'2020-04-28 20:10:56','2020-04-28 20:10:56',330,333,1,NULL),(215,1,'2020-04-29 13:17:59','2020-04-29 13:17:59',330,334,1,NULL),(216,1,'2020-04-29 13:22:18','2020-04-29 13:22:18',330,335,1,NULL),(217,1,'2020-04-29 13:52:10','2020-04-29 13:52:10',330,336,1,NULL),(218,1,'2020-04-29 13:54:47','2020-04-29 13:54:47',330,337,1,NULL),(219,1,'2020-04-29 13:55:33','2020-04-29 13:55:33',330,338,1,NULL),(220,1,'2020-04-29 13:56:05','2020-04-29 13:56:05',330,339,1,NULL),(221,1,'2020-04-29 13:57:07','2020-04-29 13:57:07',330,340,1,NULL),(222,1,'2020-04-29 13:57:58','2020-04-29 13:57:58',330,341,1,NULL),(223,1,'2020-04-29 13:58:20','2020-04-29 13:58:20',330,342,1,NULL),(224,1,'2020-04-29 13:58:37','2020-04-29 13:58:37',330,343,1,NULL),(225,1,'2020-04-29 13:58:54','2020-04-29 13:58:54',330,344,1,NULL),(226,1,'2020-04-29 13:59:13','2020-04-29 13:59:13',330,345,1,NULL),(227,1,'2020-04-29 13:59:35','2020-04-29 13:59:35',330,346,1,NULL),(228,1,'2020-04-29 14:00:09','2020-04-29 14:00:09',330,347,1,NULL),(229,1,'2020-04-29 14:00:36','2020-04-29 14:00:36',330,348,1,NULL);
/*!40000 ALTER TABLE `wires` ENABLE KEYS */;
UNLOCK TABLES;
/*!40103 SET TIME_ZONE=@OLD_TIME_ZONE */;

/*!40101 SET SQL_MODE=@OLD_SQL_MODE */;
/*!40014 SET FOREIGN_KEY_CHECKS=@OLD_FOREIGN_KEY_CHECKS */;
/*!40014 SET UNIQUE_CHECKS=@OLD_UNIQUE_CHECKS */;
/*!40101 SET CHARACTER_SET_CLIENT=@OLD_CHARACTER_SET_CLIENT */;
/*!40101 SET CHARACTER_SET_RESULTS=@OLD_CHARACTER_SET_RESULTS */;
/*!40101 SET COLLATION_CONNECTION=@OLD_COLLATION_CONNECTION */;
/*!40111 SET SQL_NOTES=@OLD_SQL_NOTES */;

-- Dump completed on 2020-04-29 17:21:08
