-- MySQL dump 10.13  Distrib 5.7.32, for osx10.14 (x86_64)
--
-- Host: localhost    Database: trigggggggger_clean
-- ------------------------------------------------------
-- Server version	5.7.32

/*!40101 SET @OLD_CHARACTER_SET_CLIENT=@@CHARACTER_SET_CLIENT */;
/*!40101 SET @OLD_CHARACTER_SET_RESULTS=@@CHARACTER_SET_RESULTS */;
/*!40101 SET @OLD_COLLATION_CONNECTION=@@COLLATION_CONNECTION */;
/*!40101 SET NAMES utf8 */;
/*!40103 SET @OLD_TIME_ZONE=@@TIME_ZONE */;
/*!40103 SET TIME_ZONE='+00:00' */;
/*!40014 SET @OLD_UNIQUE_CHECKS=@@UNIQUE_CHECKS, UNIQUE_CHECKS=0 */;
/*!40014 SET @OLD_FOREIGN_KEY_CHECKS=@@FOREIGN_KEY_CHECKS, FOREIGN_KEY_CHECKS=0 */;
/*!40101 SET @OLD_SQL_MODE=@@SQL_MODE, SQL_MODE='NO_AUTO_VALUE_ON_ZERO' */;
/*!40111 SET @OLD_SQL_NOTES=@@SQL_NOTES, SQL_NOTES=0 */;

--
-- Table structure for table `media`
--

DROP TABLE IF EXISTS `media`;
/*!40101 SET @saved_cs_client     = @@character_set_client */;
/*!40101 SET character_set_client = utf8 */;
CREATE TABLE `media` (
  `id` int(10) unsigned NOT NULL AUTO_INCREMENT,
  `active` int(1) unsigned NOT NULL DEFAULT '1',
  `created` datetime DEFAULT NULL,
  `modified` datetime DEFAULT NULL,
  `object` int(10) unsigned DEFAULT NULL,
  `weight` float DEFAULT NULL,
  `rank` int(10) unsigned DEFAULT NULL,
  `type` varchar(10) NOT NULL DEFAULT 'jpg',
  `caption` blob,
  PRIMARY KEY (`id`)
) ENGINE=InnoDB AUTO_INCREMENT=73 DEFAULT CHARSET=utf8;
/*!40101 SET character_set_client = @saved_cs_client */;

--
-- Dumping data for table `media`
--

LOCK TABLES `media` WRITE;
/*!40000 ALTER TABLE `media` DISABLE KEYS */;
INSERT INTO `media` VALUES (1,1,'2021-02-01 02:13:11','2021-02-01 02:14:05',11,NULL,1,'png',''),(2,1,'2021-02-01 02:13:11','2021-02-01 02:14:05',11,NULL,1,'png',_binary 'Catalina Ouyang presenting @ Zoom meeting'),(3,1,'2021-02-01 02:13:11','2021-02-01 02:14:05',11,NULL,1,'png',''),(4,1,'2021-02-01 02:13:11','2021-02-01 02:14:05',11,NULL,1,'png',_binary 'Virginia Lee Montgomery presenting @ Zoom meeting'),(5,1,'2021-02-01 03:08:04','2021-02-01 03:08:24',12,NULL,1,'png',''),(6,1,'2021-02-01 03:08:04','2021-02-01 03:08:24',12,NULL,1,'png',_binary 'Jo Wei + Ting Tong Chang presenting @ Zoom meeting'),(7,1,'2021-02-01 03:11:04','2021-02-01 03:11:19',13,NULL,1,'png',_binary 'Sydney Shen + Chen Yiyun @ Zoom meeting'),(8,1,'2021-02-01 03:11:04','2021-02-01 03:11:19',13,NULL,1,'png',''),(9,1,'2021-02-01 03:17:10','2021-02-01 03:17:10',14,NULL,NULL,'png',''),(10,1,'2021-02-01 03:17:10','2021-02-01 03:17:10',14,NULL,NULL,'png',''),(11,1,'2021-02-01 03:17:10','2021-02-01 03:17:10',14,NULL,NULL,'png',''),(12,1,'2021-02-01 03:19:24','2021-02-01 07:33:28',15,NULL,1,'png',_binary '[]'),(13,1,'2021-02-01 03:19:24','2021-02-01 07:41:35',15,NULL,1,'png',_binary '[]Christopher K. Ho presenting @ Zoom meeting '),(14,1,'2021-02-01 03:19:24','2021-02-01 07:41:35',15,NULL,1,'png',_binary '[isThumbnail]Leung Chi Wo - 孤寂遗迹'),(15,1,'2021-02-01 07:51:27','2021-02-01 07:53:17',16,NULL,1,'png',_binary '[]Cole Lu presenting Animal Fancy'),(16,1,'2021-02-01 07:51:27','2021-02-01 07:53:30',16,NULL,1,'png',_binary '[isThumbnail]Na Buqi - 漂浮的情节'),(17,1,'2021-02-01 07:56:51','2021-02-01 07:58:36',17,NULL,1,'jpg',_binary '[]Jakob Kudsk Steensen - The Deep Listener'),(18,1,'2021-02-01 07:56:51','2021-02-01 07:58:36',17,NULL,1,'jpg',_binary '[]Jakob Kudsk Steensen - Re-Animated'),(19,1,'2021-02-01 07:56:51','2021-02-01 07:58:36',17,NULL,1,'jpg',_binary '[]Jakob Kudsk Steensen - Catharsis'),(20,1,'2021-02-01 07:56:51','2021-02-01 07:58:36',17,NULL,1,'jpg',_binary '[]Jakob Kudsk Steensen - Catharsis installation'),(21,1,'2021-02-01 07:56:51','2021-02-01 07:58:36',17,NULL,1,'jpg',_binary '[]Camille Henrot - Grosse Fatigue'),(22,1,'2021-02-01 08:01:11','2021-02-01 08:02:11',17,NULL,1,'jpg',_binary '[]'),(23,1,'2021-02-01 08:01:11','2021-02-01 08:02:11',17,NULL,1,'jpg',_binary '[]'),(24,1,'2021-02-01 08:01:11','2021-02-01 08:02:11',17,NULL,1,'jpg',_binary '[]'),(25,1,'2021-02-02 09:30:59','2021-02-02 10:11:28',18,NULL,1,'png',_binary '[]Wang Tuo - 烟火'),(26,1,'2021-02-02 09:30:59','2021-02-02 09:31:40',18,NULL,1,'png',_binary '[]共谋失忆症'),(27,1,'2021-02-02 09:30:59','2021-02-02 09:31:40',18,NULL,1,'png',_binary '[]Lee Kai Chung - 通向深海的狭道'),(28,1,'2021-02-03 02:06:24','2021-02-03 02:40:39',19,NULL,1,'jpg',_binary '[]王智一 | 奇迹、契机及显圣'),(29,1,'2021-02-03 02:06:24','2021-02-03 02:40:39',19,NULL,1,'jpg',_binary '[isThumbnail]一子 | A Lucid Dream'),(30,1,'2021-02-03 02:06:24','2021-02-03 02:10:20',19,NULL,1,'jpg',_binary '[]寇塔 | Both Hands Their Backs Rubbing'),(31,1,'2021-02-03 02:19:34','2021-02-03 02:20:34',20,NULL,1,'jpg',_binary '[]陈敏凯 | 过敏'),(32,1,'2021-02-03 02:19:34','2021-02-03 02:20:34',20,NULL,1,'jpg',_binary '[isThumbnail]张之慧 | 吐舌头光驱'),(33,1,'2021-02-03 02:19:34','2021-02-03 02:20:34',20,NULL,1,'jpg',_binary '[]全宇飞 | The Artificial Walk'),(34,1,'2021-02-03 02:19:34','2021-02-03 02:20:34',20,NULL,1,'jpg',_binary '[]全宇飞 | The Artificial Walk'),(35,1,'2021-02-03 02:19:34','2021-02-03 02:20:34',20,NULL,1,'jpg',_binary '[]王哈哈 | 陶泥、面包、食物'),(36,1,'2021-02-03 02:28:36','2021-02-03 02:38:49',21,NULL,1,'jpg',_binary '[]王茜瑶 | King Bull\r\n'),(37,1,'2021-02-03 02:28:36','2021-02-03 02:38:49',21,NULL,1,'jpg',_binary '[]励明娜 | You’re Not the Only Particle in Universe\r\n'),(38,1,'2021-02-03 02:28:36','2021-02-03 02:38:49',21,NULL,1,'jpg',_binary '[isThumbnail]黄泽坚 | 工作室\r\n'),(39,1,'2021-02-03 02:28:36','2021-02-03 02:38:49',21,NULL,1,'jpg',_binary '[]欧杨 | in/consistent system'),(40,1,'2021-02-03 02:44:17','2021-02-03 02:45:07',22,NULL,1,'jpg',_binary '[]Simon Denny - Security Through Obscurity, 2020\r\n'),(41,1,'2021-02-03 02:44:17','2021-02-03 02:45:07',22,NULL,1,'jpg',_binary '[]Simon Denny - Current Flow. On the economics of inequality, 2020\r\n'),(42,1,'2021-02-03 02:44:17','2021-02-03 02:45:07',22,NULL,1,'jpg',_binary '[]Simon Denny - Power Vest 4, 2019\r\n'),(43,1,'2021-02-03 02:44:17','2021-02-03 02:45:07',22,NULL,1,'jpg',_binary '[]Fang Di -部长, 2019\r\n'),(44,1,'2021-02-03 02:44:17','2021-02-03 02:45:24',22,NULL,1,'jpg',_binary '[isThumbnail]Fang Di - 金饭碗, 2019\r\n'),(45,1,'2021-02-03 02:45:07','2021-02-03 02:45:24',22,NULL,1,'png',_binary '[]Fang Di - 現代 HYUNDAI, 2018'),(46,1,'2021-02-03 03:30:26','2021-02-03 03:31:28',23,NULL,1,'jpg',_binary '[]'),(47,1,'2021-02-03 03:30:26','2021-02-03 03:34:42',23,NULL,1,'jpg',_binary '[]Forensic Architecture - Enter the Void, 2020\r\n美因茨艺术馆'),(48,1,'2021-02-03 03:30:26','2021-02-03 03:31:28',23,NULL,1,'jpg',_binary '[]'),(49,1,'2021-02-03 03:30:26','2021-02-03 03:34:42',23,NULL,1,'jpg',_binary '[]Forensic Architecture - The Long Duration of a Split Second, 2018\r\n伦敦泰特美术馆 2018年透纳奖提名艺术家展'),(50,1,'2021-02-03 03:30:26','2021-02-03 03:31:28',23,NULL,1,'jpg',_binary '[]'),(51,1,'2021-02-03 03:31:28','2021-02-03 03:34:42',23,NULL,1,'jpg',_binary '[]Forensic Architecture - Counter Investigations, 2018\r\n伦敦当代艺术中心'),(52,1,'2021-02-03 03:31:28','2021-02-03 03:32:16',23,NULL,1,'jpg',_binary '[]'),(53,1,'2021-02-03 03:31:28','2021-02-03 03:32:16',23,NULL,1,'jpg',_binary '[]'),(54,1,'2021-02-03 03:31:28','2021-02-03 03:34:42',23,NULL,1,'jpg',_binary '[isThumbnail]OMA - Countryside: The Future, 2020\r\n纽约古根海姆美术馆'),(55,1,'2021-02-03 03:31:28','2021-02-03 03:32:16',23,NULL,1,'jpg',_binary '[]'),(56,1,'2021-02-03 03:32:16','2021-02-03 03:34:42',23,NULL,1,'jpg',_binary '[]OMA - Virgil Abloh: Figures of Speech, 2019\r\n芝加哥当代艺术博物馆'),(57,1,'2021-02-03 03:32:16','2021-02-03 03:34:42',23,NULL,1,'jpg',_binary '[]OMA - Sun Inlays 2020SS Prada 女装秀场'),(58,1,'2021-02-03 03:43:08','2021-02-03 03:43:35',24,NULL,1,'jpg',_binary '[]'),(59,1,'2021-02-03 03:43:08','2021-02-03 03:45:38',24,NULL,1,'jpg',_binary '[]Diakron - Hybrid Organisations \r\nDiakron在2015和2016年拜访了超过40家所谓“混合式组织”，研究不同领域和社区的组织架构、运营模式、思维方法等，最终输出为一份PDF报告。 '),(60,1,'2021-02-03 03:43:08','2021-02-03 03:43:35',24,NULL,1,'jpg',_binary '[]'),(61,1,'2021-02-03 03:43:08','2021-02-03 03:45:38',24,NULL,1,'jpg',_binary '[isThumbnail]Diakron - Primer\r\n于2016年在丹麦一家开发水净化系统的生物技术公司Aquaporin中成立，通过一系列研究项目、展览等活动，探索新型的组织架构及系统性社会问题间的关系。primer.dk'),(62,1,'2021-02-03 03:43:08','2021-02-03 03:43:35',24,NULL,1,'jpg',_binary '[]'),(63,1,'2021-02-03 03:43:35','2021-02-03 03:43:53',24,NULL,1,'jpg',_binary '[]'),(64,1,'2021-02-03 03:43:35','2021-02-03 03:45:38',24,NULL,1,'jpg',_binary '[]Tiffany Jaeyeon Shin - Microbial Speculation of Our Gut Feelings, 2019\r\n纽约Recess '),(65,1,'2021-02-03 03:43:35','2021-02-03 03:45:38',24,NULL,1,'jpg',_binary '[]Tiffany Jaeyeon Shin - Onggi (as if from a firm esophageal column), 2020\r\n纽约DOOSAN画廊\r\n'),(66,1,'2021-02-03 03:43:35','2021-02-03 03:43:53',24,NULL,1,'jpg',_binary '[]'),(67,1,'2021-02-03 03:43:35','2021-02-03 03:43:53',24,NULL,1,'jpg',_binary '[]'),(68,1,'2021-02-03 03:43:53','2021-02-03 03:45:38',24,NULL,1,'jpg',_binary '[]Tiffany Jaeyeon Shin - Universal Skin Salvation, 2018\r\n纽约Knockdown中心'),(69,1,'2021-02-03 03:52:14','2021-02-03 03:53:17',25,NULL,1,'png',_binary '[]滑惜⼦ | 影像连结/Un-exposing\r\n'),(70,1,'2021-02-03 03:52:14','2021-02-03 03:53:35',25,NULL,1,'jpg',_binary '[isThumbnail]王凯 | \r\n'),(71,1,'2021-02-03 03:52:14','2021-02-03 03:53:17',25,NULL,1,'png',_binary '[]杨楠桢 | '),(72,1,'2021-02-03 03:53:17','2021-02-03 03:53:35',25,NULL,1,'jpg',_binary '[]陈沾衣 | 大海回答的问题\r\n');
/*!40000 ALTER TABLE `media` ENABLE KEYS */;
UNLOCK TABLES;

--
-- Table structure for table `objects`
--

DROP TABLE IF EXISTS `objects`;
/*!40101 SET @saved_cs_client     = @@character_set_client */;
/*!40101 SET character_set_client = utf8 */;
CREATE TABLE `objects` (
  `id` int(10) unsigned NOT NULL AUTO_INCREMENT,
  `active` int(1) unsigned NOT NULL DEFAULT '1',
  `created` datetime DEFAULT NULL,
  `modified` datetime DEFAULT NULL,
  `rank` int(10) unsigned DEFAULT NULL,
  `name1` tinytext,
  `name2` tinytext,
  `address1` text,
  `address2` text,
  `city` tinytext,
  `state` tinytext,
  `zip` tinytext,
  `country` tinytext,
  `phone` tinytext,
  `fax` tinytext,
  `url` tinytext,
  `email` tinytext,
  `begin` datetime DEFAULT NULL,
  `end` datetime DEFAULT NULL,
  `date` datetime DEFAULT NULL,
  `head` tinytext,
  `deck` mediumblob,
  `body` mediumblob,
  `notes` mediumblob,
  PRIMARY KEY (`id`)
) ENGINE=InnoDB AUTO_INCREMENT=26 DEFAULT CHARSET=utf8;
/*!40101 SET character_set_client = @saved_cs_client */;

--
-- Dumping data for table `objects`
--

LOCK TABLES `objects` WRITE;
/*!40000 ALTER TABLE `objects` DISABLE KEYS */;
INSERT INTO `objects` VALUES (1,1,'2021-02-01 01:44:26','2021-02-01 01:46:11',5,'Upcoming',NULL,NULL,NULL,NULL,NULL,NULL,NULL,NULL,NULL,'upcoming',NULL,NULL,NULL,NULL,NULL,_binary '\r\n																								',_binary '\r\n																								',_binary '\r\n																								'),(2,1,'2021-02-01 01:44:32','2021-02-01 01:46:19',10,'Archive',NULL,NULL,NULL,NULL,NULL,NULL,NULL,NULL,NULL,'archive',NULL,NULL,NULL,NULL,NULL,_binary '\r\n																								',_binary '\r\n																								',_binary '\r\n																								'),(3,1,'2021-02-01 01:44:40','2021-02-01 01:46:28',15,'Artist Index',NULL,NULL,NULL,NULL,NULL,NULL,NULL,NULL,NULL,'artist-index',NULL,NULL,NULL,NULL,NULL,_binary '\r\n																								',_binary '\r\n																								',_binary '\r\n																								'),(4,1,'2021-02-01 01:44:45','2021-02-01 01:46:36',20,'About',NULL,NULL,NULL,NULL,NULL,NULL,NULL,NULL,NULL,'about',NULL,NULL,NULL,NULL,NULL,_binary '\r\n																								',_binary '\r\n																								',_binary '\r\n																								'),(5,1,'2021-02-01 01:48:37','2021-02-01 01:48:37',NULL,'Hao Jinban',NULL,NULL,NULL,NULL,NULL,NULL,NULL,NULL,NULL,'hao-jinban',NULL,'2019-11-25 00:00:00',NULL,NULL,NULL,NULL,NULL,NULL),(6,0,'2021-02-01 01:49:27','2021-02-01 01:49:34',NULL,'Lin Aojie',NULL,NULL,NULL,NULL,NULL,NULL,NULL,NULL,NULL,'lin-aojie',NULL,'2019-12-06 00:00:00',NULL,NULL,NULL,NULL,NULL,NULL),(7,1,'2021-02-01 01:50:01','2021-02-01 01:50:01',NULL,'Lin Aojie',NULL,NULL,NULL,NULL,NULL,NULL,NULL,NULL,NULL,'lin-aojie',NULL,'2019-12-06 00:00:00',NULL,NULL,NULL,NULL,NULL,NULL),(8,1,'2021-02-01 01:50:40','2021-02-01 01:50:40',NULL,'Kong Mo ⌁ Chen Xinhao',NULL,NULL,NULL,NULL,NULL,NULL,NULL,NULL,NULL,'kong-mo-chen-xinhao',NULL,'2020-01-31 00:00:00',NULL,NULL,NULL,NULL,NULL,NULL),(9,1,'2021-02-01 02:00:00','2021-02-01 02:11:19',NULL,'William Lamson ⌁ Zhang Ruyi',NULL,NULL,NULL,NULL,NULL,NULL,NULL,NULL,NULL,'william-lamson-zhang-ruyi',NULL,'2020-02-07 00:00:00',NULL,NULL,NULL,_binary '\r\n																								',_binary '\r\n																								<a href=\"https://mp.weixin.qq.com/s/66PGsRfrzgqKkmkMZyD45Q\" target=\"_blank\">活动信息</a>[sectiondivider]',_binary '\r\n																								'),(10,1,'2021-02-01 02:02:44','2021-02-01 02:42:49',0,'Artist Panel Talk[tagdivider]Corin Hewitt ⌁ Zhao Yao',NULL,NULL,NULL,NULL,NULL,NULL,NULL,NULL,NULL,'corin-hewitt-zhao-yao',NULL,'2020-02-28 00:00:00','1969-12-31 19:00:00',NULL,NULL,NULL,_binary '231[sectiondivider]',_binary '\"'),(11,1,'2021-02-01 02:03:49','2021-02-01 03:02:07',NULL,'Artist Panel Talk[tagdivider]Catalina Ouyang ⌁ Virginia Lee Montgomery',NULL,NULL,NULL,NULL,NULL,NULL,NULL,NULL,NULL,'catalina-ouyang-virginia-lee-montgomery',NULL,'2020-03-13 00:00:00',NULL,NULL,NULL,_binary '																																																																																																																								Zoom online meeting',_binary '<a href=\"https://mp.weixin.qq.com/s/FcW0y8XSkfkh4aNvUthTuw\" target=\"_blank\" class=\"centered\">活动信息</a>[sectiondivider]',NULL),(12,1,'2021-02-01 03:08:04','2021-02-01 03:09:36',NULL,'Artist Panel Talk[tagdivider]Chang Ting Tong ⌁ Jo Wei',NULL,NULL,NULL,NULL,NULL,NULL,NULL,NULL,NULL,'chang-ting-tong-jo-wei',NULL,'2020-03-28 19:00:00',NULL,NULL,NULL,NULL,_binary '<a href=\"https://mp.weixin.qq.com/s/Qa6_6Pq6Ei-xbfqd0ySw3w\" class=\"centered\" target=\"_blank\">活动信息</a><figure class=\"body-image-holder\"><img src=\"//trigggggggger.local/media/00005.png\" alt=\"\"><figcaption class=\"caption caption-roman\"></figcaption></figure><figure class=\"body-image-holder\"><img src=\"//trigggggggger.local/media/00006.png\" alt=\"Jo Wei + Ting Tong Chang presenting @ Zoom meeting\"><figcaption class=\"caption caption-roman\">Jo Wei + Ting Tong Chang presenting @ Zoom meeting</figcaption></figure>[sectiondivider]',NULL),(13,1,'2021-02-01 03:11:04','2021-02-01 03:13:19',NULL,'Artist Panel Talk[tagdivider]Chen Yiyun ⌁ Sydney Shen',NULL,NULL,NULL,NULL,NULL,NULL,NULL,NULL,NULL,'chen-yiyun-sydney-shen',NULL,'2020-04-04 19:00:00',NULL,NULL,NULL,NULL,_binary '<a href=\"https://mp.weixin.qq.com/s/iMr-U9WPWmHD6oMygJBBHw\" class=\"centered\" target=\"_blank\">活动信息</a><figure class=\"body-image-holder\"><img src=\"//trigggggggger.local/media/00008.png\" alt=\"\"><figcaption class=\"caption caption-roman\"></figcaption></figure><figure class=\"body-image-holder\"><img src=\"//trigggggggger.local/media/00007.png\" alt=\"Sydney Shen + Chen Yiyun @ Zoom meeting\"><figcaption class=\"caption caption-roman\">Sydney Shen + Chen Yiyun @ Zoom meeting</figcaption></figure>[sectiondivider]',NULL),(14,0,'2021-02-01 03:17:10','2021-02-01 03:21:13',NULL,'Christopher K. Ho ⌁ Leung Chi Wo[tagdivider]',NULL,NULL,NULL,NULL,NULL,NULL,NULL,NULL,NULL,'christopher-k-ho-leung-chi-wo-tagdivider',NULL,NULL,NULL,NULL,NULL,NULL,'',NULL),(15,1,'2021-02-01 03:19:24','2021-02-01 07:41:58',NULL,'Other[tagdivider]Christopher K. Ho ⌁ Leung Chi Wo',NULL,NULL,NULL,NULL,NULL,NULL,NULL,NULL,NULL,'christopher-k-ho-leung-chi-wo',NULL,'2020-04-11 19:00:00',NULL,NULL,NULL,NULL,_binary '<div class=\"centered\"><a href=\"https://mp.weixin.qq.com/s/Wq-Li1QVpkqPtX-JzZgRLA\" target=\"_blank\">活动信息</a></div>[imagedivider]<figure class=\"body-image-holder\"><img src=\"//trigggggggger.local/media/00012.png\"></figure>[endimagedivider][imagedivider]<figure class=\"body-image-holder\"><img src=\"//trigggggggger.local/media/00013.png\" alt=\"Christopher K. Ho presenting @ Zoom meeting \"><figcaption class=\"caption caption-roman\">Christopher K. Ho presenting @ Zoom meeting </figcaption></figure>[endimagedivider][imagedivider]<figure class=\"body-image-holder\"><img src=\"//trigggggggger.local/media/00014.png\" alt=\"Leung Chi Wo - 孤寂遗迹\"><figcaption class=\"caption caption-roman\">Leung Chi Wo - 孤寂遗迹</figcaption></figure>[endimagedivider][sectiondivider]',_binary '\r\n																								\r\n																								'),(16,1,'2021-02-01 07:51:27','2021-02-01 07:54:06',NULL,'Artist Panel Talk[tagdivider]Cole Lu ⌁ Na Buqi',NULL,NULL,NULL,NULL,NULL,NULL,NULL,NULL,NULL,'cole-lu-na-buqi',NULL,'2020-04-18 19:00:00',NULL,NULL,NULL,_binary 'Zoom online meeting																					',_binary '<div class=\"centered\"><a href=\"https://mp.weixin.qq.com/s/qyz2-iYlKx11upVJN1l9tw\" target=\"_blank\">活动信息</a></div>[imagedivider]<figure class=\"body-image-holder\"><img src=\"//trigggggggger.local/media/00015.png\" alt=\"Cole Lu presenting Animal Fancy\"><figcaption class=\"caption caption-roman\">Cole Lu presenting Animal Fancy</figcaption></figure>[endimagedivider][imagedivider]<figure class=\"body-image-holder\"><img src=\"//trigggggggger.local/media/00016.png\" alt=\"Na Buqi - 漂浮的情节\"><figcaption class=\"caption caption-roman\">Na Buqi - 漂浮的情节</figcaption></figure>[endimagedivider][sectiondivider]',_binary '\r\n																								'),(17,1,'2021-02-01 07:56:51','2021-02-01 08:52:16',NULL,'Artist Panel Talk[tagdivider]Jakob Kudsk Steensen ⌁ Camille Henrot[subtitledivider]系统构建：材料组织和叙事',NULL,NULL,NULL,NULL,NULL,NULL,NULL,NULL,NULL,'jakob-kudsk-steensen-camille-henrot',NULL,'2020-12-19 19:00:00',NULL,NULL,NULL,_binary 'Zoom online meeting',_binary '<div class=\"centered\"><a href=\"https://mp.weixin.qq.com/s/lv9umWSvr5l07dIDTqPlHA\" target=\"_blank\">活动信息</a></div>[sectiondivider]Jakob Kudsk Steensen[sectiontitledivider]Jakob Kudsk Steensen 是一位丹麦艺术家，目前工作生活于纽约，他通过3D动画、声音和沉浸式装置来讲述被忽视的生态系统和被遗忘的自然历史的故事，他关注想象力、技术和生态的相互交融，研究人们如何在心理和情感层面上与气候联系在一起。Kudsk Steensen的很多作品都根植于这样一种社会学观点：我们不再生活在一个能够以过去预测未来的时代，科技和自然正以比我们所能理解的更快、更剧烈方式在改变。他的作品基于广泛的实地考察，同时与野外生物学家、作曲家和作家合作，以此开发出VR和视频装置，将物理的、虚拟的、真实的和想象的景观结合在混合现实装置中，创作出对被忽视的自然现象的诗意诠释，并邀请观众进入新的生态现实。Kudsk Steensen 入围2019年威尼斯双年展未来一代艺术奖（Future Generation Art Prize），在2019年科技与电影电影节上获得了最佳动画制作设计奖等。Kudsk Steensen 目前是法国 Luma Arles 艺术中心的驻馆艺术家，他在那里记录坎格尔(Camargue)湿地的藻类和结晶过程。<div><br>Jakob Kudsk Steensen, a Danish artist based in New York, brings together physical, virtual, real, and imagined landscapes in mixed-reality installations. He creates location-specific artworks that tell stories of overlooked ecosystems and forgotten natural histories. He is concerned with how imagination, technology, and ecology intertwine, investigating how people relate to the climate on a psychological and emotional level. Much of Kudsk Steensen’s work is rooted in the sociological idea that we no longer live in an era where the future can be predicted based on the past, and that technology and nature are transforming faster and more drastically than we are able to grasp. He creates poetic interpretations about overlooked natural phenomena through collaborations with field biologists, composers and writers. His works range from immersive VR ecosystems to mixed reality installations bridging physical and digital worlds, which invite audiences to enter new ecological realities. Kudsk Steensen was a finalist for the Future Generation Art Prize at the 2019 Venice Biennale, and he was the recipient of the Best Production Design award for RE-ANIMATED (2019) at the Cinequest Festival for Technology and Cinema. Kudsk Steensen is currently an Artist-in-Residence at Luma Arles in France, where he is documenting algae and crystallization processes across the Camargue wetland.\r\n								</div>[imagedivider]<figure class=\"body-image-holder\"><img src=\"//trigggggggger.local/media/00017.jpg\" alt=\"Jakob Kudsk Steensen - The Deep Listener\"><figcaption class=\"caption caption-roman\">Jakob Kudsk Steensen - The Deep Listener</figcaption></figure>[endimagedivider][imagedivider]<figure class=\"body-image-holder\"><img src=\"//trigggggggger.local/media/00018.jpg\" alt=\"Jakob Kudsk Steensen - Re-Animated\"><figcaption class=\"caption caption-roman\">Jakob Kudsk Steensen - Re-Animated</figcaption></figure>[endimagedivider][imagedivider]<figure class=\"body-image-holder\"><img src=\"//trigggggggger.local/media/00019.jpg\" alt=\"Jakob Kudsk Steensen - Catharsis\"><figcaption class=\"caption caption-roman\">Jakob Kudsk Steensen - Catharsis</figcaption></figure>[endimagedivider][imagedivider]<figure class=\"body-image-holder\"><img src=\"//trigggggggger.local/media/00020.jpg\" alt=\"Jakob Kudsk Steensen - Catharsis installation\"><figcaption class=\"caption caption-roman\">Jakob Kudsk Steensen - Catharsis installation</figcaption></figure>[endimagedivider][sectiondivider]Camille Henrot[sectiontitledivider]Camille Henrot 1978年出生于法国巴黎，现生活和工作于纽约，她的艺术实践在电影、绘画、绘画、雕塑和装置艺术之间无缝切换。Henrot的作品反映了对哲学、文学和人类学的兴趣，她创作的过程通常少不了详尽的研究。“作为一名艺术家，我拥有以外行者的好奇心而阅览各种理论的自由，” 她曾说：“我能够以非理性的方式获取知识，这种特权足以让我很感激。我把世界视为一个破碎的整体，而这种破碎是令人痛心的。通过作品里所隐含的研究内容，我就可以建立某种连续性。”信息分配模式和人际联系方式的变化、个体经验与宏观动力学的关系、图像与语言的关系，这些都是 Henrot 的作品核心。她关注的是直面情绪和政治问题，并着眼于探讨意识形态、全球化、信仰和新媒体是如何相互作用从而创造出一种“结构性焦虑”(structural anxiety)的环境。Henrot 的近期个展将于墨尔本维多利亚国家美术馆(2021年)和安特卫普 Middelheim 博物馆(2022年)开幕。<div><br>Camille Henrot was born in 1978 in Paris, France. She lives and works in New York. Her practice moves seamlessly between film, painting, drawing, sculpture and installation. Henrot’s work reflects her interest in philosophy, literature, and anthropology; her creative process often involves exhaustive research. “As an artist, I have the freedom to browse through ideas with the curiosity of the amateur,” she once said. “I’m allowed to have an irrational approach to knowledge, which is a privilege I appreciate a lot. I see the world as a fragmented ensemble and that fragmentation is harrowing. Through the research implied by my projects, I can establish some continuity.” Henrot is interested in confronting emotional and political issues, and looking at how ideology, globalization, belief and new media are interacting to create an environment of structural anxiety. The changing modes of information distribution and interpersonal connections, the relationships between individual experiences and macroscopic dynamics, as well as between images and language, are at the center of her works. Upcoming solo exhibitions include the National Gallery of Victoria, Melbourne, Australia (2021), and Middelheim Museum (2022).\r\n								</div>[imagedivider]<figure class=\"body-image-holder\"><img src=\"//trigggggggger.local/media/00021.jpg\" alt=\"Camille Henrot - Grosse Fatigue\"><figcaption class=\"caption caption-roman\">Camille Henrot - Grosse Fatigue</figcaption></figure>[endimagedivider][imagedivider]<figure class=\"body-image-holder\"><img src=\"//trigggggggger.local/media/00022.jpg\"></figure>[endimagedivider][imagedivider]<figure class=\"body-image-holder\"><img src=\"//trigggggggger.local/media/00023.jpg\"></figure>[endimagedivider][imagedivider]<figure class=\"body-image-holder\"><img src=\"//trigggggggger.local/media/00024.jpg\"></figure>[endimagedivider][sectiondivider]test[sectiontitledivider]test[sectiondivider]',NULL),(18,1,'2021-02-02 09:30:59','2021-02-02 10:16:07',NULL,'Artist Panel Talk, Screening[tagdivider]Lee Kai Chung ⌁ Wang Tuo',NULL,NULL,NULL,NULL,NULL,NULL,NULL,NULL,NULL,'lee-kai-chung-wang-tuo',NULL,'2020-04-24 19:00:00',NULL,NULL,NULL,_binary 'Zoom online meeting',_binary '[imagedivider]<figure class=\"body-image-holder\"><img src=\"//trigggggggger.local/media/00025.png\" alt=\"Wang Tuo - 烟火\"><figcaption class=\"caption caption-roman\">Wang Tuo - 烟火</figcaption></figure>[endimagedivider][imagedivider]<figure class=\"body-image-holder\"><img src=\"//trigggggggger.local/media/00026.png\" alt=\"共谋失忆症\"><figcaption class=\"caption caption-roman\">共谋失忆症</figcaption></figure>[endimagedivider]<div class=\"centered\">Screening List:<br><em>《烟火》《共谋失忆症》</em></div>[sectiondivider]',NULL),(19,1,'2021-02-03 02:06:24','2021-02-03 03:55:30',NULL,'Critique Marathon[tagdivider]Round One',NULL,NULL,NULL,NULL,NULL,NULL,NULL,NULL,NULL,'round-one',NULL,'2020-05-22 00:00:00',NULL,NULL,NULL,_binary 'Zoom online meeting',_binary '<div class=\"centered\"><a href=\"https://mp.weixin.qq.com/s/NfeLRruiktFI7x4I-yCggA\" target=\"_blank\">活动信息</a></div>[imagedivider]<figure class=\"body-image-holder\"><img src=\"//trigggggggger.local/media/00028.jpg\" alt=\"王智一 | 奇迹、契机及显圣\"><figcaption class=\"caption caption-roman\">王智一 | 奇迹、契机及显圣</figcaption></figure>[endimagedivider][imagedivider]<figure class=\"body-image-holder\"><img src=\"//trigggggggger.local/media/00029.jpg\" alt=\"一子 | A Lucid Dream\"><figcaption class=\"caption caption-roman\">一子 | A Lucid Dream</figcaption></figure>[endimagedivider][imagedivider]<figure class=\"body-image-holder\"><img src=\"//trigggggggger.local/media/00030.jpg\" alt=\"寇塔 | Both Hands Their Backs Rubbing\"><figcaption class=\"caption caption-roman\">寇塔 | Both Hands Their Backs Rubbing</figcaption></figure>[endimagedivider][sectiondivider]',NULL),(20,1,'2021-02-03 02:19:34','2021-02-03 03:55:38',NULL,'Critique Marathon[tagdivider]Round Two',NULL,NULL,NULL,NULL,NULL,NULL,NULL,NULL,NULL,'round-two',NULL,'2020-06-13 19:00:00',NULL,NULL,NULL,_binary 'Zoom online meeting',_binary '<div class=\"centered\"><a href=\"https://mp.weixin.qq.com/s/flVnXH-1WqTQacQCsY7Pkw\" target=\"_blank\">活动信息</a></div>[sectiondivider]06.13[sectiontitledivider][imagedivider]<figure class=\"body-image-holder\"><img src=\"//trigggggggger.local/media/00031.jpg\" alt=\"陈敏凯 | 过敏\"><figcaption class=\"caption caption-roman\">陈敏凯 | 过敏</figcaption></figure>[endimagedivider][imagedivider]<figure class=\"body-image-holder\"><img src=\"//trigggggggger.local/media/00032.jpg\" alt=\"张之慧 | 吐舌头光驱\"><figcaption class=\"caption caption-roman\">张之慧 | 吐舌头光驱</figcaption></figure>[endimagedivider][sectiondivider]06.14[sectiontitledivider][imagedivider]<figure class=\"body-image-holder\"><img src=\"//trigggggggger.local/media/00033.jpg\" alt=\"全宇飞 | The Artificial Walk\"><figcaption class=\"caption caption-roman\">全宇飞 | The Artificial Walk</figcaption></figure>[endimagedivider][imagedivider]<figure class=\"body-image-holder\"><img src=\"//trigggggggger.local/media/00034.jpg\" alt=\"全宇飞 | The Artificial Walk\"><figcaption class=\"caption caption-roman\">全宇飞 | The Artificial Walk</figcaption></figure>[endimagedivider][imagedivider]<figure class=\"body-image-holder\"><img src=\"//trigggggggger.local/media/00035.jpg\" alt=\"王哈哈 | 陶泥、面包、食物\"><figcaption class=\"caption caption-roman\">王哈哈 | 陶泥、面包、食物</figcaption></figure>[endimagedivider][sectiondivider]',NULL),(21,1,'2021-02-03 02:28:36','2021-02-03 02:40:07',NULL,'Critique Marathon[tagdivider]Round Three',NULL,NULL,NULL,NULL,NULL,NULL,NULL,NULL,NULL,'round-three',NULL,'2020-07-04 00:00:00',NULL,NULL,NULL,_binary 'Zoom online meeting',_binary '<div class=\"centered\"><a href=\"https://mp.weixin.qq.com/s/4H8GtUFaWT8fwFn9TcjNfg\" target=\"_blank\">活动信息</a></div>[sectiondivider]07.04[sectiontitledivider][imagedivider]<figure class=\"body-image-holder\"><img src=\"//trigggggggger.local/media/00036.jpg\" alt=\"王茜瑶 | King Bull\r\n\"><figcaption class=\"caption caption-roman\">王茜瑶 | King Bull<br></figcaption></figure>[endimagedivider][imagedivider]<figure class=\"body-image-holder\"><img src=\"//trigggggggger.local/media/00037.jpg\" alt=\"励明娜 | You’re Not the Only Particle in Universe\r\n\"><figcaption class=\"caption caption-roman\">励明娜 | You’re Not the Only Particle in Universe<br></figcaption></figure>[endimagedivider][sectiondivider]07.05[sectiontitledivider][imagedivider]<figure class=\"body-image-holder\"><img src=\"//trigggggggger.local/media/00038.jpg\" alt=\"黄泽坚 | 工作室\r\n\"><figcaption class=\"caption caption-roman\">黄泽坚 | 工作室<br></figcaption></figure>[endimagedivider][imagedivider]<figure class=\"body-image-holder\"><img src=\"//trigggggggger.local/media/00039.jpg\" alt=\"欧杨 | in/consistent system\"><figcaption class=\"caption caption-roman\">欧杨 | in/consistent system</figcaption></figure>[endimagedivider][sectiondivider]',NULL),(22,1,'2021-02-03 02:44:17','2021-02-03 02:49:26',NULL,'Artist Panel Talk[tagdivider]Simon Denny ⌁ Fang Di',NULL,NULL,NULL,NULL,NULL,NULL,NULL,NULL,NULL,'simon-denny-fang-di',NULL,'2020-07-25 19:00:00',NULL,NULL,NULL,_binary 'Zoom online meeting',_binary '<div class=\"centered\"><a href=\"https://mp.weixin.qq.com/s/r4Ore7v7BnZlwj3z-tmkSA\" target=\"_blank\">活动信息</a></div>[sectiondivider]Simon Denny[sectiontitledivider]Simon Denny (1982年出生于新西兰)是一位装置、雕塑和影像艺术家，曾在新西兰奥克兰大学Elam School of Fine Arts及德国法兰克福国立造型艺术学院学习。他在作品思考全球互联网背景下的科技社会现象，以及媒体技术的生产、流通及消费。<br><br>Simon Denny is born in 1982 in Auckland, New Zealand, he studied painting at the Elam School of Fine Arts, University of Auckland before attending the Staatliche Hochschule für Bildende Künste in Frankfurt am Main. His projects explore corporate culture, technology, and the Internet’s effect on society[imagedivider]<figure class=\"body-image-holder\"><img src=\"//trigggggggger.local/media/00040.jpg\" alt=\"Simon Denny - Security Through Obscurity, 2020\r\n\"><figcaption class=\"caption caption-roman\">Simon Denny - Security Through Obscurity, 2020<br></figcaption></figure>[endimagedivider][imagedivider]<figure class=\"body-image-holder\"><img src=\"//trigggggggger.local/media/00041.jpg\" alt=\"Simon Denny - Current Flow. On the economics of inequality, 2020\r\n\"><figcaption class=\"caption caption-roman\">Simon Denny - Current Flow. On the economics of inequality, 2020<br></figcaption></figure>[endimagedivider][imagedivider]<figure class=\"body-image-holder\"><img src=\"//trigggggggger.local/media/00042.jpg\" alt=\"Simon Denny - Power Vest 4, 2019\r\n\"><figcaption class=\"caption caption-roman\">Simon Denny - Power Vest 4, 2019<br></figcaption></figure>[endimagedivider][sectiondivider]Fang Di[sectiontitledivider]方迪是一位艺术家、啾小组的创始人之一、高级工程师、本科毕业于广州美术学院油画系第五工作室，研究生毕业于美国马里兰艺术学院。目前工作于中国深圳和巴布亚新几内亚首都莫尔兹比港。他的作品探讨种族主义于社会阶层。他通过引用社会新闻与时事政治，用多种艺术语言探索城市生活的纠结与意义，寻找特殊群体在全球经济与民族主义的影响下是如何被定义的，成为今天重要的社会裂痕。<br><br>Fang Di is a Chinese artist, founder of Jiu Society, and senior engineer. He&nbsp;graduated from Guangzhou Academy of Fine Arts in 2010 and got an MFA from Maryland Institute College of Art. He is currently based in Shenzhen, China, and Port Moresby, Papua New Guinea. His works delve into racism and social class. By incorporating references to news and politics, his works use multiple vocabularies to investigate our intertwined city life and attempt to pursue the root of special communities how they were defined suffering under the global economy and nationalist, becoming the most important social fracture[imagedivider]<figure class=\"body-image-holder\"><img src=\"//trigggggggger.local/media/00043.jpg\" alt=\"Fang Di -部长, 2019\r\n\"><figcaption class=\"caption caption-roman\">Fang Di -部长, 2019<br></figcaption></figure>[endimagedivider][imagedivider]<figure class=\"body-image-holder\"><img src=\"//trigggggggger.local/media/00044.jpg\" alt=\"Fang Di - 金饭碗, 2019\r\n\"><figcaption class=\"caption caption-roman\">Fang Di - 金饭碗, 2019<br></figcaption></figure>[endimagedivider][imagedivider]<figure class=\"body-image-holder\"><img src=\"//trigggggggger.local/media/00045.png\" alt=\"Fang Di - 現代 HYUNDAI, 2018\"><figcaption class=\"caption caption-roman\">Fang Di - 現代 HYUNDAI, 2018</figcaption></figure>[endimagedivider][sectiondivider]',NULL),(23,1,'2021-02-03 03:30:26','2021-02-03 03:36:49',NULL,'Artist Panel Talk[tagdivider]Forensic Architecture ⌁ OMA/AMO',NULL,NULL,NULL,NULL,NULL,NULL,NULL,NULL,NULL,'forensic-architecture-oma-amo',NULL,'2020-08-01 00:00:00',NULL,NULL,NULL,_binary 'Zoom online meeting',_binary '<div class=\"centered\"><a href=\"https://mp.weixin.qq.com/s/r4Ore7v7BnZlwj3z-tmkSA\" target=\"_blank\">活动信息</a></div>[sectiondivider]Forensic Architecture[sectiontitledivider]Forensic Architecture法证建筑，2010年于伦敦成立的研究机构，总部设在伦敦大学金史密斯学院。他们通过对空间和媒体的深入调研，代表或与受暴力影响的社区、国际检察官、环境正义团体和媒体组织一起调查侵犯人权问题。法证建筑在世界范围内调查政府及商业暴力行为、人权侵犯、环境破坏等问题。他们经常采用开源调查的方式，通过电子或实体模型、3D动画模拟、虚拟现实场景、制图来构建场景，并在场景中锁定分析照片、视频、音频文件等证据复盘分析违法事件。此外，法证建筑还通过数字建模发明了诸多新型工具，对获取和探索创伤记忆进行了新的探索。<br><br>Forensic Architecture (FA), is a research agency founded in 2010, based at Goldsmiths, University of London. They undertake advanced spatial and media investigations into cases of human rights violations, with and on behalf of communities affected by political violence, human rights organizations, international prosecutors, environmental justice groups, and media organizations. Their work often involves open-source investigation, the construction of digital and physical models, 3D animations, virtual reality environments, and cartographic platforms. Within these environments, they locate and analyze photographs, videos, audio files, and testimonies to reconstruct and analyze violent events. They also use their digital models as tools for interviewing survivors of violence, finding new ways to access and explore memories of trauma[imagedivider]<figure class=\"body-image-holder\"><img src=\"//trigggggggger.local/media/00046.jpg\"></figure>[endimagedivider][imagedivider]<figure class=\"body-image-holder\"><img src=\"//trigggggggger.local/media/00047.jpg\" alt=\"Forensic Architecture - Enter the Void, 2020\r\n美因茨艺术馆\"><figcaption class=\"caption caption-roman\">Forensic Architecture - Enter the Void, 2020<br>美因茨艺术馆</figcaption></figure>[endimagedivider][imagedivider]<figure class=\"body-image-holder\"><img src=\"//trigggggggger.local/media/00048.jpg\"></figure>[endimagedivider][imagedivider]<figure class=\"body-image-holder\"><img src=\"//trigggggggger.local/media/00049.jpg\" alt=\"Forensic Architecture - The Long Duration of a Split Second, 2018\r\n伦敦泰特美术馆 2018年透纳奖提名艺术家展\"><figcaption class=\"caption caption-roman\">Forensic Architecture - The Long Duration of a Split Second, 2018<br>伦敦泰特美术馆 2018年透纳奖提名艺术家展</figcaption></figure>[endimagedivider][imagedivider]<figure class=\"body-image-holder\"><img src=\"//trigggggggger.local/media/00050.jpg\"></figure>[endimagedivider][imagedivider]<figure class=\"body-image-holder\"><img src=\"//trigggggggger.local/media/00051.jpg\" alt=\"Forensic Architecture - Counter Investigations, 2018\r\n伦敦当代艺术中心\"><figcaption class=\"caption caption-roman\">Forensic Architecture - Counter Investigations, 2018<br>伦敦当代艺术中心</figcaption></figure>[endimagedivider][sectiondivider]OMA/AMO[sectiontitledivider]大都会建筑事务所 （Office for Metropolitan Architecture），常简称为OMA，为荷兰建筑师雷姆·库哈斯（Rem Koolhaas）于1975年创立。AMO为OMA的分支机构，致力于探索跨学科研究和实践，以生产非建筑项目为主，如艺术展览、品牌设计、出版等。<br><br>Office for Metropolitan Architecture(OMA), is a Dutch architectural firm based in Rotterdam, founded in 1975 by Dutch architect Rem Koolhaas. AMO is a branch of OMA dedicated to producing non-architectural work including exhibitions, branding campaigns, publishin[imagedivider]<figure class=\"body-image-holder\"><img src=\"//trigggggggger.local/media/00052.jpg\"></figure>[endimagedivider][imagedivider]<figure class=\"body-image-holder\"><img src=\"//trigggggggger.local/media/00053.jpg\"></figure>[endimagedivider][imagedivider]<figure class=\"body-image-holder\"><img src=\"//trigggggggger.local/media/00054.jpg\" alt=\"OMA - Countryside: The Future, 2020\r\n纽约古根海姆美术馆\"><figcaption class=\"caption caption-roman\">OMA - Countryside: The Future, 2020<br>纽约古根海姆美术馆</figcaption></figure>[endimagedivider][imagedivider]<figure class=\"body-image-holder\"><img src=\"//trigggggggger.local/media/00055.jpg\"></figure>[endimagedivider][imagedivider]<figure class=\"body-image-holder\"><img src=\"//trigggggggger.local/media/00056.jpg\" alt=\"OMA - Virgil Abloh: Figures of Speech, 2019\r\n芝加哥当代艺术博物馆\"><figcaption class=\"caption caption-roman\">OMA - Virgil Abloh: Figures of Speech, 2019<br>芝加哥当代艺术博物馆</figcaption></figure>[endimagedivider][imagedivider]<figure class=\"body-image-holder\"><img src=\"//trigggggggger.local/media/00057.jpg\" alt=\"OMA - Sun Inlays 2020SS Prada 女装秀场\"><figcaption class=\"caption caption-roman\">OMA - Sun Inlays 2020SS Prada 女装秀场</figcaption></figure>[endimagedivider][sectiondivider]',NULL),(24,1,'2021-02-03 03:43:08','2021-02-03 03:48:42',NULL,'Artist Panel Talk[tagdivider]Diakron ⌁ Tiffany Jaeyeon Shin',NULL,NULL,NULL,NULL,NULL,NULL,NULL,NULL,NULL,'diakron-tiffany-jaeyeon-shin',NULL,'2020-08-08 19:00:00',NULL,NULL,NULL,_binary 'Zoom online meeting',_binary '<div class=\"centered\"><a href=\"https://mp.weixin.qq.com/s/r4Ore7v7BnZlwj3z-tmkSA\" target=\"_blank\">活动信息</a></div>[sectiondivider]Diakron[sectiontitledivider]<a>Diakron</a>是一个基于跨学科研究和实践的平台及工作室，以探索性研究为核心价值，在多重学科和体制框架之间建立合作。Diakron的工作模式、实践过程及研究方法不具任何预设性，在保持最大的实验性和开放度的同时，密切关注生态、人道主义、存在主义、数字科技、经济等不同社会层面的发展变化。<br><br>David Hilmer Rex为Diakron的创始人之一，学习于丹麦皇家艺术学院并获得硕士学位，目前在皇家艺术学院职教，并在丹麦奥尔胡斯大学修读博士。<br><br>Diakron is a platform and studio for transdisciplinary research and practice. They are based on explorative research as a core value and establish collaborations across disciplinary backgrounds and institutional frameworks. While their modes of engagement, processes of making, and research methodologies grow out of their projects and collaborations, the work is tied to concerned interests in various pervasive ecological, humanitarian, existential, digital, or economic shifts.<br><br><a>David Hilmer Rex</a>&nbsp;is the co-founder of Diakron. He received MFA at The Royal Danish Academy of Fine Arts, and he is currently teaching at The Royal College of Art, and he is also a PhD student at Aarhus University[imagedivider]<figure class=\"body-image-holder\"><img src=\"//trigggggggger.local/media/00058.jpg\"></figure>[endimagedivider][imagedivider]<figure class=\"body-image-holder\"><img src=\"//trigggggggger.local/media/00059.jpg\" alt=\"Diakron - Hybrid Organisations \r\nDiakron在2015和2016年拜访了超过40家所谓“混合式组织”，研究不同领域和社区的组织架构、运营模式、思维方法等，最终输出为一份PDF报告。 \"><figcaption class=\"caption caption-roman\">Diakron - Hybrid Organisations <br>Diakron在2015和2016年拜访了超过40家所谓“混合式组织”，研究不同领域和社区的组织架构、运营模式、思维方法等，最终输出为一份PDF报告。 </figcaption></figure>[endimagedivider][imagedivider]<figure class=\"body-image-holder\"><img src=\"//trigggggggger.local/media/00060.jpg\"></figure>[endimagedivider][imagedivider]<figure class=\"body-image-holder\"><img src=\"//trigggggggger.local/media/00061.jpg\" alt=\"Diakron - Primer\r\n于2016年在丹麦一家开发水净化系统的生物技术公司Aquaporin中成立，通过一系列研究项目、展览等活动，探索新型的组织架构及系统性社会问题间的关系。primer.dk\"><figcaption class=\"caption caption-roman\">Diakron - Primer<br>于2016年在丹麦一家开发水净化系统的生物技术公司Aquaporin中成立，通过一系列研究项目、展览等活动，探索新型的组织架构及系统性社会问题间的关系。primer.dk</figcaption></figure>[endimagedivider][sectiondivider]Tiffany Jaeyeon Shin[sectiontitledivider]<a>Tiffany Jaeyeon Shin</a>目前生活并工作于纽约，其艺术作品探索身体边界的渗透性，通过研究活性物质，如食物、气味、微生物、发酵过程等，来思考殖民主义及复杂纠缠的历史关系。<br><br>Tiffany Jaeyeon Shin lives and works in New York. Her work explores the porousness of bodily boundaries and the ceaseless movement of living processes, like fermentation, echoing the history of colonialism. Shin is interested in the history of conquest and the literal digestion of materials – smells, microbes, and food – as a system of relations that emerges from a complicated history of entanglement[imagedivider]<figure class=\"body-image-holder\"><img src=\"//trigggggggger.local/media/00062.jpg\"></figure>[endimagedivider][imagedivider]<figure class=\"body-image-holder\"><img src=\"//trigggggggger.local/media/00063.jpg\"></figure>[endimagedivider][imagedivider]<figure class=\"body-image-holder\"><img src=\"//trigggggggger.local/media/00064.jpg\" alt=\"Tiffany Jaeyeon Shin - Microbial Speculation of Our Gut Feelings, 2019\r\n纽约Recess \"><figcaption class=\"caption caption-roman\">Tiffany Jaeyeon Shin - Microbial Speculation of Our Gut Feelings, 2019<br>纽约Recess </figcaption></figure>[endimagedivider][imagedivider]<figure class=\"body-image-holder\"><img src=\"//trigggggggger.local/media/00065.jpg\" alt=\"Tiffany Jaeyeon Shin - Onggi (as if from a firm esophageal column), 2020\r\n纽约DOOSAN画廊\r\n\"><figcaption class=\"caption caption-roman\">Tiffany Jaeyeon Shin - Onggi (as if from a firm esophageal column), 2020<br>纽约DOOSAN画廊<br></figcaption></figure>[endimagedivider][imagedivider]<figure class=\"body-image-holder\"><img src=\"//trigggggggger.local/media/00066.jpg\"></figure>[endimagedivider][imagedivider]<figure class=\"body-image-holder\"><img src=\"//trigggggggger.local/media/00067.jpg\"></figure>[endimagedivider][imagedivider]<figure class=\"body-image-holder\"><img src=\"//trigggggggger.local/media/00068.jpg\" alt=\"Tiffany Jaeyeon Shin - Universal Skin Salvation, 2018\r\n纽约Knockdown中心\"><figcaption class=\"caption caption-roman\">Tiffany Jaeyeon Shin - Universal Skin Salvation, 2018<br>纽约Knockdown中心</figcaption></figure>[endimagedivider][sectiondivider]',NULL),(25,1,'2021-02-03 03:52:14','2021-02-03 03:54:27',NULL,'Critique Marathon[tagdivider]Round Four',NULL,NULL,NULL,NULL,NULL,NULL,NULL,NULL,NULL,'round-four',NULL,'2020-08-22 00:00:00',NULL,NULL,NULL,_binary 'Zoom online meeting',_binary '<div class=\"centered\"><a href=\"https://mp.weixin.qq.com/s/op-FFMW3mJ51-_OOgR8UkQ\" target=\"_blank\">活动信息</a></div>[sectiondivider]08.22[sectiontitledivider][imagedivider]<figure class=\"body-image-holder\"><img src=\"//trigggggggger.local/media/00072.jpg\" alt=\"陈沾衣 | 大海回答的问题\r\n\"><figcaption class=\"caption caption-roman\">陈沾衣 | 大海回答的问题<br></figcaption></figure>[endimagedivider][imagedivider]<figure class=\"body-image-holder\"><img src=\"//trigggggggger.local/media/00069.png\" alt=\"滑惜⼦ | 影像连结/Un-exposing\r\n\"><figcaption class=\"caption caption-roman\">滑惜⼦ | 影像连结/Un-exposing<br></figcaption></figure>[endimagedivider][sectiondivider]08.23[sectiontitledivider][imagedivider]<figure class=\"body-image-holder\"><img src=\"//trigggggggger.local/media/00070.jpg\" alt=\"王凯 | \r\n\"><figcaption class=\"caption caption-roman\">王凯 | <br></figcaption></figure>[endimagedivider][imagedivider]<figure class=\"body-image-holder\"><img src=\"//trigggggggger.local/media/00071.png\" alt=\"杨楠桢 | \"><figcaption class=\"caption caption-roman\">杨楠桢 | </figcaption></figure>[endimagedivider][sectiondivider]',NULL);
/*!40000 ALTER TABLE `objects` ENABLE KEYS */;
UNLOCK TABLES;

--
-- Table structure for table `wires`
--

DROP TABLE IF EXISTS `wires`;
/*!40101 SET @saved_cs_client     = @@character_set_client */;
/*!40101 SET character_set_client = utf8 */;
CREATE TABLE `wires` (
  `id` int(10) unsigned NOT NULL AUTO_INCREMENT,
  `active` int(1) unsigned NOT NULL DEFAULT '1',
  `created` datetime DEFAULT NULL,
  `modified` datetime DEFAULT NULL,
  `fromid` int(10) unsigned DEFAULT NULL,
  `toid` int(10) unsigned DEFAULT NULL,
  `weight` float NOT NULL DEFAULT '1',
  `notes` blob,
  PRIMARY KEY (`id`)
) ENGINE=InnoDB AUTO_INCREMENT=26 DEFAULT CHARSET=utf8;
/*!40101 SET character_set_client = @saved_cs_client */;

--
-- Dumping data for table `wires`
--

LOCK TABLES `wires` WRITE;
/*!40000 ALTER TABLE `wires` DISABLE KEYS */;
INSERT INTO `wires` VALUES (1,1,'2021-02-01 01:44:26','2021-02-01 01:44:26',0,1,1,NULL),(2,1,'2021-02-01 01:44:32','2021-02-01 01:44:32',0,2,1,NULL),(3,1,'2021-02-01 01:44:40','2021-02-01 01:44:40',0,3,1,NULL),(4,1,'2021-02-01 01:44:45','2021-02-01 01:44:45',0,4,1,NULL),(5,1,'2021-02-01 01:48:37','2021-02-01 01:48:37',2,5,1,NULL),(6,0,'2021-02-01 01:49:27','2021-02-01 01:49:34',5,6,1,NULL),(7,1,'2021-02-01 01:50:01','2021-02-01 01:50:01',2,7,1,NULL),(8,1,'2021-02-01 01:50:40','2021-02-01 01:50:40',2,8,1,NULL),(9,1,'2021-02-01 02:00:00','2021-02-01 02:00:00',2,9,1,NULL),(10,1,'2021-02-01 02:02:44','2021-02-01 02:02:44',2,10,1,NULL),(11,1,'2021-02-01 02:03:49','2021-02-01 02:03:49',2,11,1,NULL),(12,1,'2021-02-01 03:08:04','2021-02-01 03:08:04',2,12,1,NULL),(13,1,'2021-02-01 03:11:04','2021-02-01 03:11:04',2,13,1,NULL),(14,0,'2021-02-01 03:17:10','2021-02-01 03:21:13',2,14,1,NULL),(15,1,'2021-02-01 03:19:24','2021-02-01 03:19:24',2,15,1,NULL),(16,1,'2021-02-01 07:51:27','2021-02-01 07:51:27',2,16,1,NULL),(17,1,'2021-02-01 07:56:51','2021-02-01 07:56:51',2,17,1,NULL),(18,1,'2021-02-02 09:30:59','2021-02-02 09:30:59',2,18,1,NULL),(19,1,'2021-02-03 02:06:24','2021-02-03 02:06:24',2,19,1,NULL),(20,1,'2021-02-03 02:19:34','2021-02-03 02:19:34',2,20,1,NULL),(21,1,'2021-02-03 02:28:36','2021-02-03 02:28:36',2,21,1,NULL),(22,1,'2021-02-03 02:44:17','2021-02-03 02:44:17',2,22,1,NULL),(23,1,'2021-02-03 03:30:26','2021-02-03 03:30:26',2,23,1,NULL),(24,1,'2021-02-03 03:43:08','2021-02-03 03:43:08',2,24,1,NULL),(25,1,'2021-02-03 03:52:14','2021-02-03 03:52:14',2,25,1,NULL);
/*!40000 ALTER TABLE `wires` ENABLE KEYS */;
UNLOCK TABLES;
/*!40103 SET TIME_ZONE=@OLD_TIME_ZONE */;

/*!40101 SET SQL_MODE=@OLD_SQL_MODE */;
/*!40014 SET FOREIGN_KEY_CHECKS=@OLD_FOREIGN_KEY_CHECKS */;
/*!40014 SET UNIQUE_CHECKS=@OLD_UNIQUE_CHECKS */;
/*!40101 SET CHARACTER_SET_CLIENT=@OLD_CHARACTER_SET_CLIENT */;
/*!40101 SET CHARACTER_SET_RESULTS=@OLD_CHARACTER_SET_RESULTS */;
/*!40101 SET COLLATION_CONNECTION=@OLD_COLLATION_CONNECTION */;
/*!40111 SET SQL_NOTES=@OLD_SQL_NOTES */;

-- Dump completed on 2021-02-03 17:38:08
